customer_id,first_name,last_name,gender,marital_status,email,country,join_date,birth_date
1,Angel,Hill,Male,Single,jillrhodes@miller.com,France,2012-12-10,1993-01-23
2,Carolyn,Hoffman,Male,Married,shaneramirez@gmail.com,UK,2017-10-03,1965-05-19
3,Helen,Peterson,Male,Single,susanrogers@james.com,Mexico,2020-07-13,2001-03-09
4,Lindsay,Blair,Female,Single,smiller@montgomery.com,USA,2013-02-12,1990-08-19
5,Jeremy,Roberts,Male,Married,michellejames@reid-diaz.com,Germany,2015-08-26,1952-08-31
6,Elizabeth,Miles,Male,Married,amandasanchez@gray-mayo.net,Japan,1998-11-03,1973-09-22
7,Megan,Parsons,Female,Married,trujillorichard@clark.com,Australia,2004-07-19,1964-06-29
8,Randall,Rocha,Female,Single,josephwright@hotmail.com,UK,2015-12-23,1964-01-07
9,Julie,Patterson,Female,Divorced,jeffrey28@yahoo.com,France,2013-02-25,1986-03-24
10,Brandon,Rodriguez,Male,Married,ycarlson@carlson-mcdonald.com,India,2025-02-25,1955-09-26
11,Erin,Wilson,Male,Single,daniel62@yahoo.com,Brazil,2005-07-28,1987-03-13
12,Nancy,Baker,Male,Divorced,harrellkenneth@romero.com,India,2016-11-22,1949-10-08
13,Samantha,George,Female,Single,rodriguezmichael@yahoo.com,Australia,2022-04-15,1986-04-03
14,John,Bradley,Male,Widowed,dennislisa@cannon.net,Canada,1987-10-09,1965-11-04
15,Allison,Obrien,Female,Divorced,jenniferross@santos.com,Mexico,1996-10-23,1960-10-14
16,Caleb,Smith,Male,Single,adrianzimmerman@perez.com,USA,1999-09-11,1966-06-02
17,John,Caldwell,Male,Divorced,jenniferkhan@kennedy.com,Canada,2007-05-07,1954-05-16
18,Donna,Gomez,Male,Single,dshields@hotmail.com,Brazil,1980-07-20,1955-12-20
19,Corey,Powell,Female,Widowed,wrightjames@yahoo.com,India,2022-12-30,1994-01-06
20,Isaiah,Ford,Male,Divorced,jmorton@williams.com,India,2005-10-13,1959-02-02
21,Melinda,Martin,Male,Divorced,zlewis@gmail.com,Canada,2025-02-28,1955-11-24
22,Aaron,Myers,Male,Married,rodney87@gmail.com,UK,2004-07-12,1960-10-02
23,Jeff,Brown,Female,Widowed,brian97@calhoun.net,France,2000-08-24,1962-06-21
24,Casey,Jones,Male,Divorced,kwilson@riley.org,USA,1985-08-19,1955-01-01
25,Diane,Cunningham,Male,Single,james53@yahoo.com,India,2001-08-22,1955-02-16
26,Emily,Evans,Female,Divorced,smithchristine@hotmail.com,Canada,1998-12-03,1976-06-25
27,Amanda,Wagner,Male,Divorced,nicole35@moore-bass.com,Germany,1979-04-29,1956-05-09
28,Destiny,Smith,Female,Widowed,mcmillandennis@gmail.com,Australia,2022-11-22,1991-03-05
29,Angela,Nelson,Male,Divorced,james48@king-odonnell.com,UK,2025-05-04,1956-10-31
30,Rodney,Hill,Male,Divorced,kellie42@ramos.com,Mexico,2016-12-24,1955-10-31
31,Rebecca,Gardner,Female,Widowed,russellwilliams@yahoo.com,India,2019-09-06,1954-09-02
32,Bill,Howard,Male,Married,gomezanita@dickson-brady.com,Japan,2025-05-16,2003-09-22
33,Nicole,Johnson,Female,Single,vpham@gmail.com,USA,1990-08-23,1960-08-10
34,Kristin,Rodriguez,Male,Married,dwalker@torres-pope.com,UK,1996-07-10,1967-09-15
35,Donna,Ross,Female,Single,rasmussenjoshua@hotmail.com,Brazil,1984-04-25,1964-09-19
36,Erin,Anthony,Female,Widowed,wilsontara@gmail.com,Japan,2015-10-20,1984-03-19
37,Benjamin,Carlson,Female,Single,samuel81@yahoo.com,Canada,2016-01-29,1989-01-21
38,Jonathan,Fletcher,Female,Divorced,michaeljones@mccall.com,Canada,2013-03-29,1988-10-14
39,William,Estrada,Female,Widowed,jterry@gmail.com,UK,2021-08-16,1998-07-12
40,Elizabeth,Gray,Female,Single,richard04@clark-floyd.org,France,2009-03-15,1962-08-09
41,Steven,Ramos,Male,Single,yleon@jackson.org,France,2017-07-27,1994-02-06
42,Loretta,Potter,Male,Married,lindsayhernandez@gmail.com,India,1996-09-13,1972-05-11
43,Cheryl,Mack,Male,Single,kmercado@gmail.com,Mexico,2016-07-12,1966-03-18
44,Troy,Sanchez,Female,Widowed,osbornejeffery@holmes.com,USA,2022-12-13,1998-06-07
45,Laurie,Contreras,Male,Divorced,usalazar@hotmail.com,France,2003-02-19,1980-08-11
46,Rebecca,Griffin,Male,Single,wcole@larsen.net,Germany,2024-10-31,1978-08-03
47,John,Gonzales,Male,Single,josephflores@hotmail.com,Australia,2021-11-01,1982-07-11
48,Edward,Reyes,Male,Married,calebrussell@owens.biz,UK,1982-06-08,1955-01-12
49,Sophia,Smith,Female,Married,wsmith@yahoo.com,France,2024-11-20,2001-12-07
50,Melissa,Ashley,Female,Married,tracynelson@yahoo.com,Japan,2022-02-15,2000-10-27
51,Matthew,Shelton,Male,Divorced,marycalhoun@hotmail.com,Brazil,1995-12-22,1951-07-11
52,Rebecca,Vargas,Female,Widowed,dayderek@white-green.com,Japan,2004-10-19,1985-11-23
53,Mark,Juarez,Female,Single,karen64@gmail.com,Germany,2012-11-17,1963-12-14
54,Kaitlyn,Williams,Male,Single,debraharrington@hotmail.com,India,2000-03-13,1981-07-21
55,Anthony,Wright,Male,Married,johnwells@elliott.info,Mexico,2021-08-07,1952-04-15
56,Katie,Jackson,Male,Single,tamirodriguez@hickman.biz,Canada,2019-06-30,1997-02-23
57,James,Vargas,Male,Married,terrykevin@burke.com,Canada,2018-11-08,1976-07-16
58,Doris,Jones,Male,Divorced,atkinsonlynn@gmail.com,Canada,2020-04-24,1973-03-05
59,Cynthia,Poole,Male,Divorced,hthompson@nelson.info,Australia,2009-05-12,1979-01-19
60,Margaret,Vargas,Male,Married,mariahmiller@yahoo.com,Mexico,2013-12-28,1981-03-08
61,Ashley,Barnett,Female,Married,snydermark@yahoo.com,Australia,2015-10-03,1966-02-22
62,Lauren,Peterson,Female,Married,blackjames@gmail.com,Canada,2006-02-12,1963-12-26
63,Tracy,Chang,Male,Widowed,bwest@gmail.com,India,2023-06-14,1998-07-20
64,Richard,Sanchez,Female,Widowed,wtran@yahoo.com,Australia,2002-08-21,1969-07-28
65,Mark,Warner,Male,Single,john13@yahoo.com,USA,2022-12-23,2000-04-23
66,Stephanie,Vaughn,Female,Divorced,joannahill@bray.com,Canada,2012-02-19,1957-09-07
67,Kenneth,Ward,Male,Married,ericksondavid@gmail.com,Germany,2024-08-10,2006-03-18
68,Kelly,Raymond,Female,Married,salasaudrey@yahoo.com,Brazil,2008-11-25,1953-04-05
69,Matthew,Sheppard,Male,Divorced,ewilson@yahoo.com,Australia,2015-02-05,1982-02-15
70,Barbara,Parks,Male,Single,lisaavery@mcknight.net,Australia,2003-07-09,1983-01-05
71,Catherine,Gibbs,Male,Single,chayes@dalton-branch.com,Japan,2023-02-05,2001-07-27
72,Chelsea,Singh,Male,Single,josephmiller@thompson.com,Germany,2008-04-12,1988-03-30
73,Shannon,Wheeler,Male,Widowed,halljasmine@hotmail.com,Australia,1995-07-08,1949-09-24
74,Grace,Bradshaw,Female,Married,owilson@hernandez.com,Brazil,2000-11-08,1980-06-12
75,Brooke,Holloway,Male,Married,smartinez@yahoo.com,Brazil,1999-10-05,1960-11-03
76,Sherri,Mason,Male,Widowed,cmiller@yahoo.com,France,2021-12-31,1997-03-01
77,Cassandra,Johnson,Female,Divorced,keyemily@johnston-hines.com,Brazil,2020-04-05,1999-07-14
78,Denise,Moon,Female,Married,fwalters@harrison.com,Germany,2017-03-18,1981-07-26
79,Mia,Rivera,Female,Married,elaine68@gmail.com,USA,1996-07-01,1971-05-25
80,Leonard,Morris,Male,Divorced,sandovalamy@yahoo.com,USA,2001-06-25,1980-07-01
81,April,Dean,Male,Widowed,nwolf@yahoo.com,Japan,1983-12-28,1953-03-28
82,Sara,Kim,Male,Single,johnsoncrystal@gmail.com,Japan,2009-05-14,1986-12-03
83,Lance,Smith,Male,Married,walkermaureen@gmail.com,Canada,2018-07-13,1997-11-06
84,Deborah,Moore,Male,Married,robert77@gmail.com,Brazil,2002-12-07,1980-12-13
85,Duane,Lee,Male,Married,hillkristy@morgan-french.com,Mexico,2017-05-17,1980-08-19
86,Justin,Evans,Male,Single,seanwashington@yahoo.com,Brazil,2023-05-20,2005-05-21
87,Nicholas,Cantu,Female,Divorced,ashleyhall@williams-garner.biz,Germany,2023-08-01,1987-02-08
88,Laura,Pearson,Female,Married,ihanna@sanford.info,France,2016-05-23,1975-10-28
89,Renee,Smith,Female,Married,jpitts@harrison.com,France,2010-02-10,1956-05-02
90,Raymond,Miller,Female,Divorced,ofinley@hotmail.com,Canada,2021-09-25,1991-12-18
91,Monique,Johnson,Male,Widowed,crystalmccall@francis.com,Mexico,2023-05-14,2001-03-24
92,Jane,Garcia,Male,Single,rebecca05@carter.biz,Japan,2024-09-01,2001-04-17
93,Amanda,Knight,Male,Divorced,gregorylynch@harvey-allen.org,UK,1994-01-22,1959-06-16
94,Steven,King,Female,Single,nolansteven@yahoo.com,Germany,1993-01-28,1959-04-16
95,Eric,Alexander,Female,Divorced,danielle64@yahoo.com,UK,2022-12-12,1995-08-30
96,James,Cruz,Female,Divorced,youngashley@hotmail.com,Mexico,2025-03-21,2007-01-27
97,Andrew,Greer,Male,Divorced,alan09@hotmail.com,Canada,2007-10-05,1969-09-06
98,Kimberly,Hall,Male,Divorced,danaoliver@hotmail.com,Canada,2011-01-28,1983-05-09
99,Katrina,Becker,Male,Married,bergerdebbie@kramer-johnson.com,France,2025-01-30,2000-12-18
100,Christopher,Phillips,Female,Married,jamesbuchanan@yahoo.com,India,2018-06-28,1999-05-21
101,Robin,Rivas,Male,Divorced,scoffey@hotmail.com,Japan,2020-09-25,1985-09-03
102,Taylor,Jones,Female,Divorced,zcoffey@diaz.net,USA,1998-06-03,1972-08-06
103,Miguel,Curry,Male,Widowed,xcarson@gmail.com,France,2006-11-22,1957-12-16
104,Thomas,Harvey,Male,Single,deborahreid@yahoo.com,India,2017-06-08,1995-06-22
105,Debra,Wilson,Male,Divorced,torrestravis@young.com,UK,2020-05-20,1997-04-04
106,Nathan,Avery,Female,Widowed,nicolepena@yahoo.com,Japan,2009-06-01,1975-12-30
107,Sheila,Ramirez,Male,Single,scottsampson@yahoo.com,Canada,2016-05-16,1991-06-12
108,Michael,Winters,Male,Single,sandersjames@gmail.com,India,2020-12-15,1956-04-23
109,Christopher,Lewis,Male,Widowed,buchananjohn@buchanan.com,UK,2025-06-26,2007-04-04
110,Jamie,Robinson,Male,Divorced,kim90@garrison-thomas.com,India,2025-03-08,2006-01-07
111,Lauren,Rodriguez,Male,Divorced,alexistyler@chapman.com,Germany,2012-10-29,1986-04-24
112,David,Fisher,Male,Single,alvarezkimberly@wheeler.org,India,1989-02-27,1967-08-10
113,Krista,Camacho,Female,Married,bschneider@gmail.com,Germany,2019-12-22,1952-07-01
114,Ronald,Rodriguez,Male,Married,lammarc@gmail.com,Brazil,2013-10-18,1982-02-22
115,Joshua,Schultz,Male,Married,hvang@yahoo.com,India,1980-08-04,1954-01-07
116,Catherine,Garcia,Female,Married,russellbeasley@morgan-chavez.biz,France,2015-08-12,1980-06-04
117,Larry,Edwards,Male,Single,stephanie71@gmail.com,Brazil,2017-12-29,1999-03-14
118,Christopher,Davis,Male,Widowed,angelawillis@hotmail.com,Germany,2024-04-26,2006-02-24
119,Elizabeth,Jenkins,Male,Widowed,schmittcaroline@yahoo.com,India,2016-12-21,1987-10-09
120,William,Moore,Female,Married,melaniebell@hotmail.com,Germany,2013-11-30,1956-08-07
121,Kathryn,Andrews,Male,Married,lynchdiane@hotmail.com,Brazil,1996-06-15,1974-07-24
122,Henry,Park,Female,Divorced,michael22@hotmail.com,Canada,1987-09-15,1967-10-01
123,Chad,Figueroa,Female,Divorced,reesejason@chavez-moore.com,Japan,2019-02-01,1994-04-13
124,Kimberly,Bradley,Female,Divorced,moorekaren@craig.info,USA,2022-02-27,1998-08-27
125,Todd,Ramos,Male,Divorced,kariwilson@yahoo.com,UK,2019-10-17,1994-08-05
126,Erika,Watkins,Female,Single,walkertracey@gmail.com,Canada,1994-05-11,1957-02-04
127,Kevin,Clark,Female,Divorced,keith10@burgess-thompson.biz,India,1981-12-20,1950-01-27
128,Vincent,Whitaker,Female,Single,sandersjudy@yahoo.com,Brazil,2011-08-10,1985-10-16
129,Samantha,Atkins,Male,Divorced,amckinney@yahoo.com,USA,2000-02-05,1950-10-28
130,Andrew,Nguyen,Female,Single,christopher13@yahoo.com,Japan,2002-12-08,1957-05-21
131,Alexandria,Foster,Male,Divorced,jeffrey21@hotmail.com,Brazil,2021-03-26,1989-08-15
132,Alyssa,Lee,Male,Divorced,jessica23@gmail.com,Mexico,2012-07-25,1992-08-21
133,James,Morrison,Female,Single,stephanieburton@webster-wolf.info,France,1994-12-02,1959-07-07
134,Dawn,Downs,Female,Widowed,edward17@yahoo.com,India,2023-06-28,1995-11-25
135,Laura,Vargas,Female,Divorced,collinsshannon@gmail.com,Japan,2015-08-27,1992-07-07
136,Justin,Newman,Male,Married,jford@huang.com,Brazil,2020-12-04,1974-08-23
137,Walter,Rosario,Female,Married,shepherdmary@hotmail.com,Mexico,2021-10-12,1971-06-06
138,Debbie,Williams,Female,Widowed,nwarren@gmail.com,Japan,2007-08-11,1955-04-16
139,Samantha,Hughes,Male,Divorced,mccormickdeborah@gmail.com,France,2004-12-25,1974-04-24
140,Angela,Hughes,Male,Widowed,mathewaguilar@gmail.com,Mexico,1996-05-26,1971-12-26
141,Tammy,Hale,Female,Widowed,brookehurley@yahoo.com,Australia,2012-06-13,1973-05-09
142,Dawn,Murphy,Female,Married,lucasrodney@smith-parker.com,Japan,2018-05-22,1987-08-02
143,James,Cooke,Female,Married,phillipskristin@wise.com,Canada,2023-11-18,1972-10-20
144,Nancy,Williamson,Female,Divorced,francisguerra@hotmail.com,Canada,2018-04-23,1994-08-05
145,Jennifer,Williams,Male,Divorced,tarabishop@hotmail.com,Germany,2023-04-18,2004-08-08
146,Jesus,Allen,Male,Married,michealvalentine@yahoo.com,USA,2024-09-09,2002-11-20
147,Juan,Reyes,Male,Married,lisasolis@gmail.com,Australia,2025-02-18,1980-12-19
148,Danielle,Sawyer,Male,Widowed,mitchellkathryn@cole-palmer.biz,Brazil,1988-02-05,1966-07-24
149,Lisa,Wilkerson,Male,Widowed,gbrown@young-vang.com,Australia,1988-11-19,1955-10-16
150,Lucas,Garcia,Female,Married,devinmitchell@yahoo.com,UK,1984-09-24,1964-10-29
151,Katherine,Harrison,Male,Single,smithjason@dunn.org,Brazil,2017-04-06,1996-11-30
152,Daniel,Roberts,Male,Married,williamsrobert@hotmail.com,Japan,2017-11-07,1985-06-18
153,Daniel,Stein,Female,Single,jennifercarter@mendez.org,Japan,2000-10-11,1980-08-27
154,Elizabeth,Miller,Male,Single,ashleyamy@hotmail.com,Australia,2002-04-03,1977-11-23
155,Peter,Harrison,Male,Widowed,jon05@gmail.com,Japan,2005-12-08,1987-04-05
156,Jessica,Fuller,Female,Widowed,bradleypayne@hotmail.com,Mexico,2007-05-30,1973-01-05
157,Tina,Mendoza,Female,Widowed,bryanparsons@johnson-harris.com,UK,2011-01-25,1961-06-18
158,Sarah,Robertson,Female,Widowed,benjamin34@yahoo.com,France,1991-11-12,1952-05-26
159,Michelle,Rivera,Male,Divorced,samuel67@morgan-lopez.info,Japan,2021-01-28,2002-09-07
160,Laura,Adams,Female,Married,mmiller@gardner.com,France,2023-12-25,1974-07-19
161,Donna,Parker,Female,Single,hannahbell@gmail.com,France,1995-04-20,1954-12-31
162,Christina,Graham,Male,Divorced,lambertrichard@owen.com,India,2022-12-29,1999-01-04
163,Erika,Kim,Female,Single,youngdeanna@reyes-bradley.org,UK,2025-06-12,2007-04-20
164,Shannon,Watson,Male,Married,berryalyssa@yahoo.com,Brazil,2024-03-09,1959-12-28
165,John,Wilson,Male,Married,jholmes@green.info,Canada,2007-11-23,1970-12-11
166,Justin,Hendricks,Female,Widowed,davidfarrell@yahoo.com,India,2023-10-11,1964-02-25
167,Wendy,Cochran,Female,Widowed,jenna88@yahoo.com,USA,2009-07-29,1961-04-19
168,Jennifer,Ho,Male,Widowed,william13@young.com,Brazil,1998-08-31,1969-12-17
169,Ashley,Mcdonald,Male,Widowed,jonesraymond@higgins.org,Australia,2010-12-12,1974-02-09
170,Teresa,Day,Male,Divorced,wfrazier@gmail.com,France,1981-01-31,1954-07-27
171,Danielle,White,Female,Widowed,dshaw@holmes.com,Japan,2025-02-15,2005-12-19
172,Sarah,Perez,Male,Widowed,kingcynthia@hotmail.com,Germany,2000-07-06,1960-07-27
173,Colleen,Mendez,Female,Widowed,brittanycarpenter@hopkins.org,Australia,1994-09-24,1968-03-23
174,Marcia,Johnson,Male,Widowed,debra96@fowler.com,India,1993-04-24,1972-07-10
175,Timothy,Ballard,Female,Married,shawn02@yahoo.com,Australia,2016-05-10,1993-03-25
176,Steven,Peterson,Male,Single,michelle55@anderson-wood.net,Brazil,2012-04-18,1977-10-31
177,John,Martinez,Male,Single,donaldwilliams@yahoo.com,Brazil,1996-06-23,1956-10-10
178,John,Grimes,Male,Widowed,sarah53@jimenez.info,UK,2016-07-11,1991-06-05
179,Tyler,Davis,Male,Divorced,nlevy@hotmail.com,Brazil,2011-12-22,1983-06-28
180,Brent,Simpson,Female,Married,amanda16@gmail.com,Australia,1993-03-16,1973-07-25
181,Kathryn,Diaz,Female,Divorced,hudsonjames@hotmail.com,Brazil,2010-06-04,1967-07-19
182,Paul,Cole,Female,Widowed,andersoncolin@yahoo.com,France,1992-03-06,1969-03-10
183,Angela,Diaz,Male,Widowed,carriemorales@williams.com,USA,2023-01-26,2003-08-23
184,April,Hernandez,Male,Divorced,sarah52@ewing-stevenson.com,Germany,2024-04-04,2004-04-04
185,William,Hicks,Male,Single,thomas05@yahoo.com,USA,2019-05-21,1989-12-14
186,Tina,Silva,Male,Married,pbaker@lane.com,USA,2015-04-03,1995-05-27
187,Jennifer,Hampton,Male,Married,lorraineallen@hotmail.com,UK,2024-08-11,1985-03-22
188,James,Alexander,Female,Single,robertharris@hotmail.com,Mexico,2017-01-27,1997-03-21
189,Samantha,Salas,Male,Widowed,aprilhoffman@mendoza.info,France,2025-06-22,2002-04-15
190,Amy,Lowe,Female,Married,plee@yahoo.com,Mexico,2015-06-18,1985-10-29
191,Jeffrey,Dudley,Male,Married,janet75@yahoo.com,France,2015-09-02,1987-07-12
192,Keith,Berry,Male,Single,xcardenas@gmail.com,France,2009-11-17,1973-04-14
193,Keith,Klein,Female,Widowed,vdouglas@yahoo.com,Germany,1990-03-01,1969-04-25
194,Maria,Nelson,Male,Married,danielyang@gmail.com,Canada,1995-11-06,1964-02-10
195,Elizabeth,Schmidt,Female,Single,garciamark@garcia-townsend.com,Mexico,1987-06-28,1966-01-18
196,Richard,Donovan,Male,Divorced,wsantos@yahoo.com,Japan,2010-05-12,1987-01-01
197,Debbie,Velez,Female,Divorced,amandasharp@gentry.biz,Canada,2008-10-24,1971-05-28
198,Sarah,Johnson,Female,Single,vlopez@yahoo.com,Brazil,2024-09-20,2006-07-19
199,Kenneth,Morrison,Female,Single,shawn88@yahoo.com,Brazil,1970-09-19,1952-02-06
200,Taylor,Lee,Female,Widowed,francisco74@lopez.org,UK,2010-12-24,1958-09-06
201,Gregory,Chase,Female,Married,frobertson@yahoo.com,Japan,2016-09-18,1995-06-11
202,Jack,Taylor,Female,Widowed,adamreyes@yahoo.com,Australia,2014-09-13,1995-02-03
203,Stephanie,Turner,Female,Divorced,desiree30@wilson.net,India,2021-02-05,2000-11-03
204,Hannah,Fowler,Male,Single,christina32@yahoo.com,France,2020-09-14,1997-06-05
205,Julie,Obrien,Female,Married,ztodd@hotmail.com,Australia,2008-12-02,1959-12-22
206,Kathleen,Becker,Female,Divorced,xrice@stark.com,USA,2024-03-07,2005-09-24
207,Rebecca,Harris,Female,Divorced,markmeyer@frazier.org,UK,2025-02-05,2005-12-12
208,Rachel,Griffin,Female,Married,aanderson@elliott-hansen.com,India,2003-11-23,1982-10-24
209,Randy,Velasquez,Female,Divorced,williamsmelvin@weaver.com,France,2017-02-15,1998-10-08
210,Justin,White,Female,Single,ybrooks@kane-knox.biz,Japan,2000-09-27,1981-09-03
211,Tamara,Baxter,Male,Single,david86@anderson.com,Germany,2019-06-16,1955-01-04
212,Emily,Stephens,Female,Widowed,johnreed@yahoo.com,Japan,2019-05-07,1969-11-07
213,Antonio,Keller,Male,Widowed,jamiegarcia@griffin.com,Australia,1988-01-15,1962-05-17
214,Richard,Young,Female,Single,taylorvictoria@cabrera.org,Canada,1987-03-14,1966-03-15
215,Joel,Walter,Female,Married,dturner@fry.biz,Brazil,2011-01-22,1971-04-02
216,Brandon,Cooper,Male,Divorced,heather62@yahoo.com,Mexico,2022-03-23,1987-05-17
217,Karen,Wells,Female,Widowed,meredith27@hart.net,Japan,1999-05-30,1975-03-02
218,Paul,Scott,Female,Widowed,nielsenmelanie@gmail.com,Japan,2008-03-01,1985-08-13
219,Brett,Bennett,Female,Divorced,lopezkathleen@powers.com,Australia,2010-06-20,1985-12-31
220,Jason,Lee,Female,Divorced,srocha@padilla.com,France,1989-03-18,1970-03-07
221,Oscar,Ferguson,Male,Single,jose87@yahoo.com,Germany,2022-09-19,2002-04-28
222,Terrance,Franco,Female,Single,lawrence09@figueroa.com,Japan,2023-05-28,1956-04-04
223,Beth,Butler,Male,Married,markjames@porter.com,Germany,2025-01-22,1987-03-15
224,Tammy,May,Female,Divorced,yjackson@yahoo.com,Mexico,2018-04-18,1967-01-22
225,Jennifer,Freeman,Female,Single,combscharles@williams.com,Germany,1988-07-30,1961-01-25
226,Edward,Robinson,Female,Married,bruce97@hotmail.com,India,2020-04-13,1954-03-05
227,Adam,Arnold,Male,Divorced,morenojoshua@smith-li.biz,USA,2001-04-08,1982-09-30
228,Daniel,Davis,Male,Divorced,jamesfox@adams-sanders.com,USA,2023-02-27,2004-05-29
229,Annette,Branch,Male,Divorced,gabriella10@sullivan.net,UK,2010-10-13,1977-03-06
230,Dana,Warner,Female,Single,pbruce@knight-hodge.com,USA,2001-11-02,1981-12-10
231,Jerry,Valenzuela,Female,Widowed,brandon14@hotmail.com,Australia,2004-12-03,1985-06-28
232,Harry,Jefferson,Female,Divorced,brendagoodwin@nicholson.org,UK,2007-01-01,1987-11-24
233,Mary,Price,Male,Divorced,icampos@hotmail.com,Australia,2022-06-18,1965-11-29
234,Vincent,Mccann,Male,Single,kimmary@jacobs-austin.org,Brazil,2018-02-24,1998-10-30
235,Mark,Walters,Female,Single,jperez@yahoo.com,Mexico,2020-11-07,1976-07-18
236,Erin,Guerrero,Male,Married,lauren11@moore-dawson.com,UK,2003-03-30,1978-12-08
237,Levi,Rodriguez,Female,Single,sean41@miller.info,Germany,2021-03-08,1999-11-19
238,William,Garcia,Male,Widowed,angela99@shields-smith.biz,Mexico,2024-04-24,1987-06-14
239,Christopher,Santana,Male,Widowed,ginajackson@turner-snyder.com,Australia,2020-06-08,1975-12-09
240,Joshua,Evans,Female,Divorced,johnathan37@jensen.com,Mexico,2008-06-28,1960-12-04
241,Meagan,James,Female,Divorced,pcook@hotmail.com,Mexico,2005-10-06,1976-06-22
242,Malik,Valentine,Male,Single,zedwards@carter-neal.info,Germany,1997-03-30,1958-10-24
243,Mark,Ramirez,Male,Divorced,daniel93@hotmail.com,Canada,2014-12-21,1988-09-26
244,Erin,Pierce,Male,Married,samuelcarter@hotmail.com,UK,2010-10-15,1986-09-05
245,Emily,Taylor,Male,Married,johnnymoore@yahoo.com,USA,2000-01-31,1954-04-03
246,Charles,Ewing,Female,Widowed,sferguson@yahoo.com,Mexico,2024-06-09,2003-03-31
247,Krystal,Ward,Female,Divorced,mackdiane@jackson-salazar.org,USA,2005-10-12,1986-07-18
248,Deborah,Rasmussen,Male,Divorced,grodriguez@yahoo.com,France,2022-12-15,1993-06-11
249,Julie,Grant,Female,Single,dbrooks@chapman.com,Germany,2017-05-23,1964-08-27
250,Kenneth,Knapp,Female,Married,guerrajessica@collins-gibson.com,Brazil,2003-12-12,1982-05-27
251,Michael,Davis,Male,Married,carlos01@gmail.com,UK,2019-06-06,1985-01-04
252,Deborah,Byrd,Female,Married,zacharyarnold@castro-mullen.com,Canada,2025-05-31,2007-05-03
253,Crystal,Lopez,Male,Married,njohnson@gmail.com,France,2023-07-19,2003-11-02
254,Russell,Smith,Female,Widowed,joshuapadilla@ray.com,Canada,2018-04-12,1980-02-22
255,James,Wilson,Female,Divorced,candice96@hotmail.com,Brazil,2003-07-09,1974-06-10
256,Michael,Ellis,Female,Widowed,samantha91@anderson.com,Australia,1998-12-26,1957-04-28
257,Donald,Price,Male,Single,fhenderson@medina.com,Brazil,2016-07-13,1974-12-14
258,Tracy,Taylor,Female,Divorced,wharvey@gmail.com,USA,2010-12-22,1987-04-24
259,James,Cruz,Male,Married,acohen@hotmail.com,Mexico,2005-02-27,1982-07-12
260,Tracy,Miller,Male,Divorced,kellyhill@roberts.info,Mexico,2025-02-28,2006-09-14
261,Daniel,Wilson,Male,Married,wolfscott@gmail.com,Australia,2022-04-29,1986-12-16
262,Jill,Valdez,Female,Divorced,nancy07@bailey-montoya.info,UK,1999-12-14,1978-06-25
263,Jason,Rojas,Female,Widowed,imartin@gmail.com,Canada,1991-08-25,1957-07-15
264,Linda,Hudson,Female,Divorced,mariopadilla@yahoo.com,Brazil,2023-10-11,2004-11-28
265,Stephanie,Robertson,Female,Divorced,sydneyfloyd@riddle.com,Canada,2015-08-10,1988-07-10
266,John,Dawson,Male,Divorced,kburns@adams.com,Brazil,2017-07-11,1997-04-13
267,Kara,Neal,Female,Divorced,uclements@hotmail.com,Brazil,2012-06-28,1976-12-17
268,Melanie,Davis,Male,Widowed,melissa86@gmail.com,Canada,2020-05-20,1949-09-19
269,Jason,Adams,Female,Divorced,amy29@yahoo.com,India,2024-11-01,1978-10-14
270,Patricia,Farmer,Male,Widowed,simsmary@martinez.info,Japan,2024-02-07,2003-03-12
271,Victoria,Patterson,Male,Widowed,erik41@ward.com,Brazil,1998-08-16,1980-08-12
272,Connie,Barber,Male,Married,trios@smith.com,Japan,1998-01-12,1953-01-27
273,Jeremy,Frazier,Female,Widowed,dominguezlisa@benson-woods.com,Australia,2016-12-18,1958-07-31
274,Jessica,Garcia,Male,Married,nicole26@gmail.com,France,1996-08-23,1975-08-14
275,Douglas,Moreno,Male,Divorced,scottbowen@goodman.info,Australia,2022-09-18,1993-03-17
276,Peggy,Taylor,Female,Single,bbell@moody-wright.com,USA,1988-03-20,1964-05-01
277,Carolyn,Griffith,Male,Married,abbottdominique@yahoo.com,France,2022-01-30,1966-06-09
278,Catherine,Lopez,Male,Widowed,debbie37@yahoo.com,Canada,2016-09-30,1963-07-13
279,Victor,Wheeler,Male,Single,sarah26@fisher.info,Australia,1991-08-13,1957-03-22
280,Alvin,Jones,Male,Married,billbrown@yahoo.com,Australia,2020-07-30,2001-12-21
281,Courtney,Mason,Female,Divorced,fmiles@hotmail.com,Brazil,2011-10-04,1984-01-09
282,Christina,Ramirez,Female,Widowed,dixonjames@gmail.com,Germany,2022-05-05,1986-01-23
283,Peter,Walters,Female,Married,holly30@miller.com,Brazil,2015-02-26,1986-01-19
284,Chelsea,Parker,Male,Married,smithderrick@martin.net,Canada,2019-03-22,1980-05-26
285,Gary,Martinez,Female,Widowed,wiseanthony@yahoo.com,India,2011-07-21,1984-09-29
286,Caleb,Joseph,Female,Single,xgibson@porter.com,France,2021-09-10,1968-01-22
287,Jonathan,Garcia,Female,Widowed,joycesmith@sanchez.com,UK,1997-11-27,1974-07-27
288,Edward,Velazquez,Female,Widowed,pwalker@moon-flores.com,India,2024-11-28,1975-08-12
289,David,Nunez,Female,Widowed,jeffreyblack@finley.info,Australia,2019-02-11,1988-06-10
290,Mark,Tran,Female,Married,james94@dean.info,Germany,2007-11-21,1968-10-04
291,Jessica,Payne,Female,Married,adamortiz@weaver.com,Brazil,2021-10-10,2002-02-15
292,Katherine,Bennett,Male,Divorced,harristonya@yahoo.com,Australia,1990-06-07,1972-05-06
293,Teresa,Thomas,Female,Widowed,williamsjesse@hotmail.com,UK,2003-01-21,1983-01-12
294,Paula,Ellis,Female,Single,wagnerdana@jones-bradley.biz,UK,2019-06-28,1977-08-28
295,Joel,Green,Female,Single,vhaynes@yahoo.com,Australia,2014-11-03,1994-08-18
296,Joseph,Jones,Male,Widowed,kimberlyrichards@garcia.info,USA,2019-12-28,1971-03-12
297,David,Howard,Male,Widowed,qparker@davis.com,UK,2016-07-26,1970-12-02
298,Heidi,Williams,Male,Widowed,christopherwright@yahoo.com,France,2025-04-08,2005-10-13
299,Brandon,Evans,Female,Widowed,cranemelissa@adkins.com,Canada,2011-12-21,1976-07-06
300,Bryan,Norman,Female,Widowed,jamesmorales@mccoy.com,India,1976-08-12,1957-10-24
301,Andrew,Brown,Female,Single,christopherboone@yahoo.com,Mexico,2023-02-28,2004-11-08
302,Sheri,Williams,Male,Married,ycrawford@hotmail.com,France,1978-10-12,1957-11-20
303,Michael,Odonnell,Male,Single,sean20@hotmail.com,Brazil,2002-06-13,1978-08-01
304,John,Phillips,Male,Single,rbrown@yahoo.com,Australia,2020-03-01,1991-09-07
305,James,Wilkerson,Male,Divorced,mayokimberly@castillo-harrington.com,USA,2005-05-28,1958-11-21
306,Marc,Nelson,Male,Divorced,carla04@stokes.net,USA,2023-02-14,1988-01-16
307,Brandy,Hall,Female,Divorced,wrightjohn@velasquez.com,India,2017-12-13,1973-11-15
308,Michael,Combs,Female,Married,joelstewart@wolfe.com,Germany,2019-12-05,1988-09-21
309,Douglas,Vaughan,Female,Married,gregory01@gmail.com,UK,2025-05-05,1988-03-06
310,Jeffery,Fox,Male,Single,samantha32@love-sellers.com,Mexico,2024-04-22,1965-05-18
311,Dylan,Bush,Female,Married,mathismichelle@brooks.biz,Australia,1973-01-29,1953-08-08
312,Matthew,Morris,Male,Married,fconner@stewart.org,Australia,2010-11-07,1989-06-05
313,Jeffrey,Chapman,Female,Widowed,sparker@anderson-daniel.org,France,2024-02-15,2003-02-07
314,Virginia,Sanford,Male,Widowed,carriemccall@walker.com,France,2023-02-17,1976-03-13
315,John,Haas,Male,Single,underwoodelizabeth@tanner.com,Australia,1995-05-14,1972-02-01
316,Michael,Buchanan,Female,Divorced,cruzjessica@wilkerson.biz,Brazil,2015-11-10,1996-09-19
317,Craig,Mendoza,Female,Widowed,shannonlloyd@phillips.com,France,2016-12-23,1973-06-13
318,Matthew,Barron,Male,Widowed,paynerachael@morgan.info,Australia,1979-09-17,1956-09-03
319,Ryan,Valdez,Male,Married,brianrivera@gmail.com,Brazil,2016-01-02,1997-06-28
320,Angela,Frost,Female,Divorced,kenneth10@yahoo.com,France,2019-02-09,1977-05-26
321,Mary,Hernandez,Male,Widowed,pattersonkelly@hotmail.com,France,2025-02-22,1988-06-16
322,Timothy,Davis,Male,Single,daniellerowland@anthony-parker.biz,Mexico,2020-04-13,1992-02-01
323,Patricia,Baker,Female,Divorced,nathanjames@gmail.com,Germany,2016-03-23,1981-08-06
324,Jose,Marshall,Female,Married,anne21@barnett.biz,Germany,1999-05-22,1979-11-19
325,Jeremy,Brown,Female,Married,rsheppard@yahoo.com,Canada,2024-01-11,2001-01-09
326,Thomas,Miller,Male,Divorced,davidtodd@rush.com,Australia,2014-07-11,1988-07-09
327,David,Henderson,Male,Divorced,wendyburton@hotmail.com,UK,2023-05-16,2004-07-25
328,Renee,Sloan,Male,Divorced,hughesray@gates-stone.com,India,2006-11-04,1967-02-05
329,Kimberly,Rodriguez,Female,Married,ashleyaguilar@buckley.com,Germany,2025-07-03,2003-01-27
330,Mikayla,Beard,Male,Divorced,patrick79@hotmail.com,Japan,2023-06-09,2003-01-07
331,Gerald,Powell,Female,Married,fosternatasha@hotmail.com,France,2000-12-31,1981-09-27
332,Julie,Mccall,Female,Divorced,morganlaura@yahoo.com,India,1987-01-22,1965-09-19
333,Michele,Cohen,Male,Widowed,kevinmanning@adams-butler.com,Canada,2020-01-26,1968-08-17
334,Jason,Holloway,Male,Married,lori82@gmail.com,Brazil,2010-05-20,1962-05-04
335,Richard,Deleon,Female,Single,jameswhitaker@wright.com,Brazil,2023-03-13,1970-09-21
336,James,Richardson,Male,Divorced,hreid@hotmail.com,Japan,2016-01-13,1974-01-27
337,Nathan,Wheeler,Male,Widowed,wmatthews@martin-kline.com,India,1986-01-29,1951-08-18
338,Paul,Martin,Female,Widowed,deborahbyrd@pearson-palmer.com,India,1988-10-20,1968-12-12
339,Deborah,Burke,Male,Married,johnnytrujillo@marquez-fletcher.com,Australia,2004-04-19,1981-10-23
340,Melissa,Stevens,Male,Divorced,hturner@sanders.com,Mexico,2009-03-08,1978-05-22
341,Kenneth,Rodriguez,Male,Single,vanessa54@douglas-farley.com,Australia,2015-05-12,1987-10-04
342,Zachary,Allen,Female,Widowed,rguerrero@griffith.info,Canada,1990-07-22,1962-05-14
343,Rebecca,Sullivan,Male,Single,matthewreeves@nichols.com,USA,2005-04-22,1969-08-31
344,Megan,Pittman,Female,Widowed,connor24@stokes.com,Canada,2012-04-09,1984-01-27
345,Jeffrey,Walker,Male,Married,vfrench@yahoo.com,Japan,2013-08-03,1994-01-31
346,Kelly,York,Male,Widowed,delacruzbrandy@hotmail.com,Australia,2025-02-11,1967-04-13
347,Pamela,Mason,Female,Widowed,robert22@gmail.com,Mexico,2004-07-08,1954-05-25
348,Vanessa,Orozco,Male,Widowed,lesliebaldwin@gmail.com,Canada,2018-09-13,1972-11-13
349,Crystal,Thompson,Female,Widowed,hayesjason@johnston.info,France,2012-01-12,1982-09-23
350,David,Hamilton,Male,Divorced,epatterson@yahoo.com,Germany,2021-09-19,2002-12-25
351,Amanda,Cross,Female,Widowed,katherine83@rhodes.com,Germany,1970-06-03,1949-11-13
352,Larry,Garcia,Female,Single,cameronwilliams@yahoo.com,India,2006-05-13,1964-12-11
353,Abigail,Warren,Female,Single,matthewvalenzuela@yahoo.com,Brazil,2023-04-30,1980-07-29
354,Frederick,Meadows,Female,Married,perezjessica@gmail.com,Canada,2020-03-08,2000-08-05
355,Brittany,Jackson,Female,Single,brooksdanielle@hotmail.com,Germany,1983-05-26,1963-12-03
356,Brittney,Williams,Male,Single,williamsdarrell@james-kelley.info,India,2010-10-07,1991-12-15
357,Jamie,Jennings,Male,Married,robert18@dean-haynes.biz,Mexico,2017-11-26,1997-04-24
358,William,Williamson,Male,Single,glovertyler@hotmail.com,Japan,2024-04-13,2006-01-27
359,Marie,Dudley,Male,Married,cphillips@hotmail.com,Germany,1999-01-09,1963-02-21
360,Haley,Castillo,Female,Married,smithchristopher@conley.info,Mexico,2008-05-18,1983-04-29
361,Kimberly,Jones,Male,Divorced,dawn74@marshall-garcia.com,UK,1983-10-26,1959-09-13
362,Michael,Rhodes,Male,Divorced,daviskatherine@gmail.com,UK,1989-12-29,1952-03-26
363,Elizabeth,Jackson,Male,Single,rfriedman@hotmail.com,UK,1977-08-11,1950-03-17
364,Lisa,White,Male,Divorced,rrivers@yahoo.com,Germany,1999-03-21,1955-11-16
365,Lauren,Banks,Female,Single,andersonjessica@garcia.info,UK,2022-08-14,1996-06-30
366,Erika,White,Female,Single,cheryl27@yahoo.com,UK,2024-07-19,2004-02-22
367,Scott,Brown,Female,Single,busherica@hotmail.com,Canada,2003-03-18,1957-03-27
368,Tiffany,Santiago,Female,Widowed,reynoldsjessica@yahoo.com,India,2014-05-25,1988-10-15
369,Edgar,Serrano,Male,Widowed,schneidereric@christian-booth.com,Japan,2017-04-03,1973-01-28
370,Malik,Rivera,Male,Single,hunterandrea@yahoo.com,Japan,2022-11-07,2000-09-06
371,Jimmy,Stevens,Female,Widowed,gatessergio@gmail.com,USA,2022-10-12,1976-12-28
372,Andrew,Powell,Male,Widowed,petersenlatoya@walsh.info,Brazil,2023-08-12,1983-05-25
373,Marcia,Velasquez,Female,Single,ann99@yahoo.com,Australia,2015-06-15,1972-09-28
374,Jennifer,Wilson,Female,Single,petersonmaria@kelley-brooks.com,Canada,2022-06-26,1998-04-26
375,Travis,Underwood,Female,Married,kingjames@gmail.com,Canada,1981-10-27,1952-08-30
376,Jason,Summers,Male,Divorced,daniel60@monroe.info,Mexico,2025-07-16,2007-07-17
377,Bridget,Gordon,Female,Widowed,morenobrandon@yahoo.com,Mexico,2021-01-24,1980-09-03
378,Timothy,Romero,Female,Widowed,jessicaanderson@sandoval-obrien.com,Japan,2025-03-28,2006-08-18
379,Robert,Lynch,Female,Single,raymond54@ballard-taylor.org,Canada,2014-12-05,1983-11-08
380,Kent,Miles,Male,Widowed,jamesweber@yahoo.com,Australia,2023-11-20,1997-03-08
381,Samantha,Anderson,Male,Widowed,jennifer58@aguilar-bender.biz,India,2020-02-18,1996-04-09
382,Justin,Boone,Female,Widowed,johnsondustin@brown.com,Brazil,2022-07-02,1995-06-07
383,Dwayne,Brown,Male,Divorced,karenjohnson@yahoo.com,Brazil,2018-04-20,1996-01-20
384,Miranda,Stevenson,Female,Divorced,yyoung@roberts.biz,India,2016-06-08,1956-07-10
385,Theresa,Edwards,Male,Widowed,manningjames@greer-pruitt.com,Canada,2022-09-12,1977-11-23
386,Amy,Morrison,Male,Single,shane12@moss.biz,Canada,2023-12-05,2000-12-07
387,Joshua,Baker,Female,Single,adam72@hernandez.org,India,1999-06-17,1952-04-24
388,Sarah,Gilbert,Male,Single,jtyler@yahoo.com,Mexico,2023-08-24,1953-01-04
389,Louis,Robinson,Female,Single,hartmanerik@herrera.com,Brazil,2020-08-26,1954-07-05
390,Mark,Carter,Female,Widowed,wilsonmichael@gmail.com,USA,2018-04-28,1994-09-09
391,Samantha,Sanchez,Female,Divorced,patrick16@fernandez-campbell.net,India,2021-09-06,1993-04-03
392,Nicholas,Lang,Male,Married,pwilliams@gmail.com,UK,2025-02-12,2005-06-29
393,Christopher,Davis,Female,Married,clarkcrystal@hancock.com,Canada,2024-04-20,1971-05-07
394,Maria,Johns,Female,Divorced,burgesseric@yahoo.com,Canada,2018-02-12,1963-07-16
395,Benjamin,Jones,Female,Married,angela93@russell-hayes.biz,Brazil,2021-12-17,1998-05-01
396,Andre,Nunez,Male,Divorced,avilabrenda@charles.com,USA,2007-10-08,1979-01-06
397,Catherine,Campbell,Male,Divorced,qfoster@gmail.com,France,2023-08-25,2003-02-05
398,Amanda,Taylor,Female,Divorced,susan24@hotmail.com,USA,2005-02-09,1981-10-21
399,Jessica,Brooks,Male,Married,davidsmith@long.com,Mexico,2025-04-29,2003-08-26
400,Rebecca,Cooper,Female,Single,eugenewalker@yahoo.com,UK,2024-10-06,2000-06-21
401,Howard,Marsh,Male,Single,enewman@powers-king.com,Japan,1988-07-23,1962-10-10
402,Stephanie,Howard,Male,Widowed,mitchellchad@stewart.com,Brazil,2025-03-14,1998-12-04
403,Kevin,Silva,Female,Divorced,susan20@yahoo.com,UK,2020-09-11,1991-06-29
404,Jennifer,Davidson,Female,Divorced,dennis57@yahoo.com,India,1999-05-13,1966-04-20
405,Kim,Tucker,Male,Single,debbiemiller@trevino-taylor.net,UK,2010-01-18,1979-11-09
406,Jessica,Sims,Male,Single,atkinsoncrystal@riley.com,Canada,1998-10-25,1962-12-01
407,Amy,Lutz,Female,Widowed,michaelwalker@hotmail.com,Brazil,2013-12-08,1987-01-31
408,Kelly,Marshall,Female,Widowed,acox@allen.com,Brazil,2024-09-21,1999-06-12
409,Donald,Moore,Female,Married,ccrosby@juarez.com,Japan,2023-06-09,2001-01-28
410,Jim,Barnett,Male,Divorced,dharrison@gmail.com,Brazil,2010-08-31,1967-07-16
411,Mario,Padilla,Male,Divorced,beth92@yahoo.com,Mexico,2014-05-20,1952-04-06
412,Michael,Valdez,Female,Divorced,nicholas38@gomez-parrish.info,USA,2018-06-17,1994-01-12
413,Paige,Smith,Male,Widowed,emartin@schneider.com,Mexico,2023-07-11,2003-06-28
414,Donna,Perry,Male,Single,olsontimothy@gmail.com,Germany,2012-07-12,1990-07-08
415,Deborah,Jenkins,Female,Married,andersonbrittany@soto.org,UK,2013-03-23,1989-10-02
416,Gabriel,Nielsen,Female,Divorced,johnsjessica@yahoo.com,India,1981-05-02,1959-07-18
417,Shane,Haney,Male,Single,jeffreyjenkins@gmail.com,Australia,1988-02-10,1955-05-21
418,Lori,White,Female,Married,jennifercooper@yahoo.com,UK,2024-02-02,2003-08-16
419,Jerry,Cruz,Female,Married,harrismichele@cohen.com,Japan,2010-06-21,1990-02-21
420,Carol,Rich,Female,Single,olsondavid@ryan.biz,Brazil,2020-10-31,1981-12-06
421,Mitchell,Williams,Male,Widowed,shawnaolson@yahoo.com,USA,2017-05-17,1985-01-27
422,Ronald,Scott,Female,Single,campbellnancy@scott-smith.com,India,1998-01-14,1973-05-27
423,David,Smith,Female,Widowed,robert12@pearson-king.net,Brazil,2024-08-23,1988-11-17
424,Michael,Hill,Female,Single,robertbowers@yahoo.com,Brazil,2015-07-28,1978-05-16
425,Angie,Webb,Male,Divorced,kim62@hotmail.com,UK,2004-11-21,1961-09-17
426,Sean,Lyons,Female,Divorced,lewisrichard@owen-mendez.com,Canada,1991-04-10,1957-08-26
427,Tamara,Smith,Female,Single,thomasburke@brown.com,Germany,2004-12-14,1960-06-27
428,Benjamin,Cruz,Female,Widowed,jennifer90@gmail.com,Japan,2014-06-05,1954-12-30
429,Scott,Harris,Male,Widowed,arthurgreene@hotmail.com,France,2019-07-08,1993-02-13
430,Christina,Craig,Female,Married,dianacantrell@gmail.com,India,2019-01-03,1997-01-29
431,Michael,Foster,Male,Single,mclaughlincasey@dunn.net,Japan,2013-06-29,1968-04-29
432,Michael,Ochoa,Male,Married,shawnpowell@green.net,India,2019-01-17,1989-03-20
433,Charles,Phillips,Female,Married,nancy94@ramos.com,Germany,2012-10-17,1956-10-17
434,Susan,Ellis,Male,Married,olsonjonathan@yahoo.com,France,2021-12-21,2001-02-04
435,Virginia,Rhodes,Male,Married,robert58@smith.com,Mexico,2024-01-27,1992-09-01
436,Kaitlyn,Peterson,Male,Single,nedwards@adams.com,UK,2017-08-09,1976-09-11
437,Jimmy,Allen,Female,Widowed,jermaineconley@hotmail.com,Mexico,2008-04-14,1983-07-04
438,Kimberly,Wilson,Female,Divorced,waustin@rubio.com,India,1997-01-26,1973-10-11
439,Misty,Henry,Male,Widowed,kwalker@gmail.com,Canada,2020-08-02,1983-01-20
440,Lauren,Mendoza,Female,Widowed,phillip27@wolfe.com,France,2006-12-30,1953-03-26
441,Alexander,Clark,Female,Single,michael42@baker.com,India,2014-07-31,1996-06-13
442,Victor,Clark,Male,Divorced,melissa47@gmail.com,Australia,1998-09-11,1974-06-14
443,Tiffany,Parks,Female,Single,linda86@gonzalez-marsh.com,USA,2010-11-18,1988-06-07
444,Gregory,Porter,Female,Divorced,jevans@hotmail.com,Canada,2000-01-21,1981-09-26
445,Corey,Martin,Male,Widowed,thomas17@cook.com,Australia,1997-11-22,1952-10-17
446,Robert,Bell,Male,Widowed,tiffanymitchell@nunez-freeman.info,Mexico,1992-04-21,1972-12-19
447,Christina,Ford,Male,Divorced,daniellemcfarland@welch-duncan.com,Mexico,1998-10-20,1954-11-19
448,Matthew,Edwards,Female,Married,catherine64@yahoo.com,USA,1983-12-11,1954-12-07
449,Julie,Meyer,Female,Single,bjackson@gmail.com,India,2023-10-09,2002-09-11
450,Ebony,Shepard,Male,Married,garrettgarcia@zuniga.net,USA,2019-01-20,1999-01-27
451,Kelli,Warren,Male,Widowed,bakereric@huynh.com,Australia,1972-12-28,1953-03-18
452,David,Rose,Male,Divorced,johnsonmichael@lin-mcdonald.net,India,2019-01-03,1979-09-15
453,Sean,Montes,Female,Widowed,owelch@graham.com,Brazil,2023-05-27,1968-02-01
454,Jeremy,Davis,Female,Single,robert24@gmail.com,India,2018-09-03,1982-04-29
455,Lisa,Charles,Male,Divorced,taylor07@yahoo.com,Canada,2003-02-26,1949-07-22
456,Katie,Yates,Female,Divorced,kelleyjacob@kim.biz,France,1988-07-17,1969-12-08
457,Jeffrey,Miller,Male,Divorced,justin84@lopez-jones.com,Canada,2024-09-17,2005-12-03
458,Dana,Williamson,Male,Divorced,blopez@gmail.com,France,1994-10-01,1969-04-03
459,Andrew,Compton,Female,Married,david70@gmail.com,Mexico,2007-04-26,1952-12-04
460,Alexis,Robinson,Male,Divorced,kristi75@yahoo.com,Japan,1983-12-05,1955-09-08
461,Mark,Bridges,Female,Divorced,adamsphilip@harrison.biz,UK,2015-07-03,1996-12-22
462,David,Tate,Male,Widowed,cwise@rojas.com,Japan,2023-12-04,2005-11-29
463,Kelli,Boyd,Female,Single,tprice@moore-chandler.net,India,2023-12-01,1980-11-28
464,Jon,Little,Female,Married,paige31@chen.com,Germany,2007-02-20,1984-12-30
465,Brenda,Foster,Female,Widowed,novakbianca@alvarez.com,Germany,1997-09-17,1960-12-08
466,Vincent,Parks,Male,Married,browndeanna@hotmail.com,UK,1995-03-12,1966-06-23
467,David,Hall,Male,Divorced,bquinn@hotmail.com,Canada,2007-09-09,1986-01-18
468,Jennifer,King,Male,Divorced,jmann@daniels-henry.org,Mexico,2005-06-06,1975-04-04
469,Michael,Oconnor,Male,Widowed,caseymoore@yahoo.com,UK,2017-03-24,1962-04-01
470,Amber,Gibson,Male,Married,nicoleharvey@yahoo.com,Mexico,2024-06-01,2005-04-23
471,Malik,Brown,Male,Widowed,alexandriajimenez@hotmail.com,USA,2022-05-16,2002-05-10
472,Justin,Ortiz,Female,Divorced,davisdonna@gmail.com,Germany,2019-09-28,1960-01-14
473,Gregory,Johnson,Female,Divorced,clee@may.org,Australia,2024-08-23,2006-05-20
474,Jonathan,Diaz,Male,Married,conradjason@hebert-collier.info,France,2025-04-21,1997-04-10
475,Bruce,Grant,Female,Married,laura09@yahoo.com,India,2024-10-05,2004-01-22
476,Jessica,Davenport,Female,Widowed,susandavis@hall.com,France,2004-12-01,1985-07-19
477,Angela,Grant,Female,Widowed,emily61@sparks.biz,UK,2012-05-31,1988-05-04
478,Diane,Ferguson,Male,Married,rachel85@yahoo.com,France,2013-05-13,1983-11-23
479,Cynthia,Mckenzie,Male,Widowed,annalewis@hotmail.com,India,2021-08-05,1977-08-10
480,Michael,Chavez,Male,Single,barbertonya@hotmail.com,France,2020-05-13,2000-03-20
481,Derek,Zamora,Male,Married,tracey35@ingram.com,France,2003-11-14,1950-08-29
482,Angela,Howe,Female,Married,johnsonmichael@baker.com,Brazil,2022-08-10,1987-03-24
483,Lisa,Davis,Male,Married,jessicacummings@yahoo.com,Australia,2000-10-29,1965-05-28
484,Margaret,Norris,Female,Single,benjamin96@deleon.com,Brazil,2012-07-12,1961-04-25
485,Robert,Parrish,Male,Widowed,walterscrystal@torres.com,Japan,2024-12-27,2005-02-26
486,Edward,Shaw,Female,Married,brentdennis@maddox-mullins.org,Brazil,2023-07-02,1986-04-17
487,Jeffrey,Roberts,Male,Divorced,davidmiller@hotmail.com,Germany,2004-12-12,1983-11-24
488,Amy,Baker,Male,Divorced,iayala@gmail.com,Canada,2018-09-03,2000-04-07
489,James,Foster,Female,Married,johnadams@morris-glass.com,UK,2019-04-17,1982-04-11
490,Robert,Diaz,Male,Divorced,melvin04@huerta.info,Australia,2020-11-26,1957-03-16
491,Scott,Glass,Male,Widowed,ginamoore@farrell.org,Australia,2012-06-04,1991-12-16
492,Alexander,Benson,Male,Single,shannon05@singh.com,USA,1997-02-28,1959-08-07
493,Karen,Dunn,Female,Married,bennettrebecca@williams.org,UK,2022-07-10,1986-09-25
494,Steven,Landry,Female,Single,qguerrero@ward.biz,France,1989-08-10,1968-01-04
495,William,Mckinney,Male,Divorced,idelacruz@gmail.com,Canada,2009-03-04,1965-04-12
496,Vincent,Ellis,Male,Married,wrightalyssa@burns-garner.com,Brazil,1993-10-03,1962-03-27
497,Michael,Turner,Female,Single,garrettnatasha@gmail.com,Canada,2015-01-30,1973-02-23
498,Jeremiah,Peterson,Female,Single,christopherreyes@hotmail.com,Japan,2014-11-01,1987-04-25
499,Connie,Perez,Male,Married,ronaldedwards@murphy.com,France,2024-01-22,1991-03-24
500,Gabriella,Harris,Female,Single,haley82@forbes-daugherty.com,Mexico,2025-06-29,1989-02-01
501,Sally,Stewart,Female,Married,lonniehobbs@johnson.biz,Mexico,2021-10-19,1994-03-16
502,Julie,Underwood,Female,Married,kimberlyrodriguez@gmail.com,Canada,2018-04-28,1970-03-11
503,Valerie,Jensen,Female,Single,jerryjohnson@watts.com,Japan,2021-03-15,1951-05-02
504,Taylor,Banks,Male,Widowed,ihenry@lee.biz,Australia,2022-04-18,1983-09-25
505,Sara,Clements,Male,Widowed,katherinejones@camacho-burns.com,India,2019-09-09,2001-07-29
506,Ronald,Parsons,Female,Single,phillip99@hotmail.com,India,2007-01-25,1980-09-07
507,Nancy,Buchanan,Male,Divorced,cbryant@stone.com,Germany,2025-02-05,1985-04-16
508,Zachary,Mccoy,Male,Divorced,kellysanders@ayala-mitchell.com,UK,2018-09-01,1987-07-02
509,Christie,Brown,Male,Divorced,cgallegos@sharp.com,Japan,2006-04-20,1978-04-19
510,Sharon,Horton,Female,Married,cgutierrez@white.com,Australia,2025-07-04,2002-07-17
511,John,Holt,Female,Married,davisjasmin@cox.net,UK,2001-07-18,1980-06-28
512,Ernest,Pierce,Male,Widowed,rhondacunningham@huffman.com,USA,2025-05-06,1991-03-15
513,Kyle,Mack,Female,Married,courtney12@gmail.com,USA,2006-07-27,1978-02-06
514,Kathy,Smith,Male,Single,astephens@hotmail.com,India,2010-02-20,1949-10-15
515,Jay,Keller,Female,Widowed,mramos@hotmail.com,Japan,2009-03-18,1983-02-17
516,Nicole,Ramirez,Female,Divorced,lopezbrian@johnson-nash.org,USA,1984-08-20,1949-12-30
517,Kenneth,Knapp,Male,Divorced,butlergregory@mitchell.org,India,2025-03-15,2006-07-29
518,Tammy,Curry,Male,Divorced,daviskevin@yahoo.com,France,2022-08-15,2003-02-15
519,Carlos,Simmons,Male,Divorced,thomas14@rose-warren.com,Brazil,2021-03-25,1975-05-03
520,Daniel,Blair,Female,Widowed,mramsey@mitchell.net,Brazil,2010-03-05,1991-03-14
521,Sara,Mendez,Female,Married,lvasquez@hotmail.com,Australia,2018-09-18,1988-09-08
522,Tiffany,Smith,Female,Divorced,hgarrett@charles.biz,Japan,2003-02-21,1965-05-21
523,Michael,Shaffer,Female,Single,davidsonhannah@tyler-parker.net,Brazil,1993-05-06,1952-08-23
524,Katie,Wilson,Male,Widowed,randy99@gmail.com,Mexico,2015-12-26,1986-12-23
525,James,Bass,Male,Divorced,probles@gmail.com,India,2024-07-12,2006-03-03
526,Courtney,Mcclain,Male,Single,abowers@hotmail.com,India,2005-08-03,1982-04-25
527,Kevin,Hardy,Female,Divorced,clarkgina@yahoo.com,Australia,2006-10-22,1953-05-12
528,Juan,Johnson,Female,Married,ashleyprice@hotmail.com,Australia,1982-03-14,1954-01-20
529,Janet,Edwards,Female,Widowed,robert73@hayes-sampson.com,USA,1996-06-19,1957-07-02
530,Gregory,Brooks,Female,Widowed,robinwallace@lloyd.com,France,2013-07-22,1985-04-13
531,Sandra,Oconnor,Male,Single,douglas18@hotmail.com,Brazil,2003-08-16,1962-06-29
532,Jenny,Stevens,Female,Married,collinsbradley@wiggins.com,USA,1990-07-12,1958-07-31
533,Julie,Johnson,Male,Widowed,manuellee@yahoo.com,USA,2025-05-20,1984-12-22
534,Kendra,Lambert,Male,Single,ericwilson@hotmail.com,Germany,2014-08-13,1985-10-08
535,Curtis,Daniels,Female,Divorced,donald49@gmail.com,Brazil,2023-02-09,1987-08-19
536,Larry,Mcclain,Male,Married,andersonthomas@hotmail.com,Australia,1984-01-15,1961-03-16
537,Patrick,Miller,Female,Divorced,janetvance@hotmail.com,Australia,1978-03-06,1952-12-25
538,Christina,Edwards,Male,Married,beltrankatelyn@bradley-davis.info,Japan,2025-05-21,2006-06-14
539,Lance,Newman,Female,Widowed,ohall@gmail.com,India,2005-02-26,1956-03-02
540,Roberta,Myers,Female,Married,shawn01@yahoo.com,Canada,2013-11-28,1991-07-14
541,Timothy,Singleton,Male,Married,cassandra28@gmail.com,Australia,1999-02-18,1957-03-25
542,Jennifer,Rodriguez,Female,Single,amanda69@allen-sanchez.com,France,2022-12-17,1977-02-26
543,Carl,Clark,Female,Widowed,vbradley@hotmail.com,Germany,2013-06-02,1982-05-17
544,Gilbert,Caldwell,Female,Widowed,vargassteven@hotmail.com,Germany,2018-10-15,1996-10-13
545,Gregory,Blanchard,Male,Married,jenningscandace@murphy-newman.com,Canada,2004-06-23,1956-03-12
546,Lisa,Clay,Female,Married,donnachavez@price-lane.com,Australia,1988-07-03,1955-09-17
547,Kevin,Bauer,Male,Divorced,wrobbins@gmail.com,India,2003-01-28,1963-07-18
548,Cheryl,Dixon,Male,Divorced,bryan80@warner.com,France,2007-06-19,1989-03-15
549,Joe,Park,Male,Married,jennifer66@yahoo.com,India,1988-11-11,1968-10-02
550,Elaine,Wells,Male,Single,xbridges@moore-bright.com,Germany,2011-10-26,1986-08-24
551,Charles,Smith,Male,Married,iproctor@gmail.com,Australia,1977-06-18,1958-09-08
552,Linda,Dalton,Male,Divorced,shawncoleman@yahoo.com,Japan,2020-07-30,1958-11-20
553,Jeremiah,Coleman,Female,Widowed,pbradford@shaw.com,Japan,2005-10-21,1975-09-24
554,Ashley,Bush,Male,Single,fnixon@cross.com,Canada,1972-05-22,1951-10-29
555,Christian,Wu,Female,Widowed,thomasharmon@miller.com,Australia,2016-10-06,1981-03-10
556,Rebecca,Nichols,Female,Widowed,egibson@gross.com,Mexico,2010-02-24,1991-04-08
557,Austin,Livingston,Male,Married,bryan79@gmail.com,India,1998-08-13,1969-03-25
558,Diana,Carter,Male,Widowed,todd28@york.com,Australia,2008-04-10,1988-07-13
559,Juan,Hodge,Female,Married,munozrenee@hernandez.com,Japan,2018-06-17,1958-07-27
560,Todd,Lloyd,Male,Married,tracey29@monroe.biz,Brazil,2022-10-17,2002-10-19
561,Jessica,Jackson,Male,Single,maykarla@gmail.com,Japan,2013-09-06,1965-09-28
562,Steven,Alvarez,Male,Divorced,noahthornton@yahoo.com,UK,1982-07-07,1953-02-14
563,Alyssa,Graham,Male,Divorced,ureyes@hotmail.com,Germany,1995-04-14,1967-06-03
564,Connor,Schmidt,Female,Divorced,pbishop@yahoo.com,Canada,2014-09-13,1996-01-07
565,Joseph,Garcia,Female,Married,vmejia@gmail.com,Japan,2008-09-21,1972-05-05
566,Brianna,Lee,Female,Married,lawrencesmith@gmail.com,France,2023-03-22,1999-07-09
567,Alexander,Davis,Male,Married,ubell@king-johnson.org,Mexico,2024-04-10,2006-02-22
568,Sheena,Douglas,Male,Married,ericksondavid@anderson.org,Mexico,1977-08-30,1955-10-22
569,Paula,Dominguez,Female,Single,steven17@yahoo.com,USA,2022-12-24,2004-03-16
570,Heather,Contreras,Male,Single,fernando14@gmail.com,Mexico,2023-07-10,2001-11-26
571,Marvin,Brown,Female,Married,scottvasquez@gmail.com,Mexico,2006-10-22,1975-08-07
572,Gregory,Vasquez,Female,Single,probinson@gaines.com,Australia,2015-09-30,1991-01-30
573,Charles,Duncan,Female,Divorced,fsmith@gmail.com,Australia,1976-12-08,1956-07-30
574,Aaron,Johnson,Male,Widowed,edward56@hotmail.com,France,2022-11-09,1993-12-23
575,Jasmine,Wise,Female,Single,upowell@gmail.com,USA,2002-11-10,1949-10-20
576,Aaron,Finley,Male,Widowed,bradleysavannah@yahoo.com,Brazil,2011-12-22,1986-04-21
577,Richard,Chen,Female,Widowed,amanda51@hodges-roberts.com,Germany,2010-10-31,1972-03-28
578,Benjamin,Cruz,Female,Married,heather15@miller-chen.com,India,2017-04-14,1961-07-26
579,James,Cortez,Female,Divorced,yprice@schneider.info,Brazil,1979-06-28,1959-01-27
580,Matthew,Morgan,Male,Divorced,zwilson@contreras.net,Japan,1971-03-05,1950-09-01
581,Jesse,Jones,Male,Divorced,evaldez@williams.com,Germany,2017-02-04,1959-09-08
582,Rebecca,Hoover,Female,Single,lcarr@meyers.com,France,2011-06-09,1992-08-07
583,Lauren,Walker,Female,Married,vrogers@morales.net,UK,2021-08-11,1983-05-19
584,Mary,Mcguire,Male,Single,matthewmartinez@todd.com,France,1998-10-07,1958-11-23
585,Samuel,Frost,Female,Widowed,craigboone@bennett.com,Germany,2010-10-23,1987-03-18
586,Harry,Davis,Male,Divorced,ysteele@yahoo.com,Mexico,1968-06-16,1949-12-24
587,Jamie,Bowman,Female,Married,lallen@hotmail.com,UK,2016-10-22,1996-08-30
588,Caitlyn,Love,Female,Widowed,michael08@lee.com,Australia,2015-03-30,1996-08-13
589,Michelle,Hatfield,Female,Widowed,qtownsend@hill.com,USA,2015-10-23,1991-09-01
590,Gina,Schmitt,Male,Widowed,qthompson@gmail.com,Japan,2022-05-18,2003-10-04
591,Michael,Clark,Female,Married,christina70@gmail.com,Germany,2015-02-04,1953-03-23
592,Sara,Thompson,Female,Single,erobertson@griffith.org,USA,2018-05-14,1999-12-08
593,James,Rhodes,Female,Widowed,kimberlynguyen@gmail.com,Mexico,2018-03-27,1971-09-25
594,Molly,Bennett,Female,Divorced,ruiztodd@thomas-reilly.info,Japan,2011-10-01,1965-09-07
595,Nathaniel,Ellis,Male,Single,theresa35@johnson.com,Brazil,2006-01-04,1961-08-31
596,Daniel,Owens,Male,Divorced,kathleenrobinson@yahoo.com,India,1995-12-02,1968-08-23
597,Kristine,Little,Female,Divorced,christophervincent@atkins-robinson.info,USA,2011-04-13,1990-08-17
598,Joshua,Blair,Female,Single,markriley@shah.biz,Mexico,2024-12-25,2006-07-04
599,Vickie,Quinn,Male,Divorced,eschmidt@nicholson.net,Japan,1973-04-09,1952-07-23
600,Heather,Russell,Female,Single,michaelallen@smith.com,Brazil,2018-11-20,2000-10-17
601,Michaela,Burgess,Female,Divorced,iford@sullivan.info,Mexico,2009-10-19,1960-07-23
602,Michelle,Jones,Male,Married,phillipskaren@hotmail.com,Canada,2015-06-17,1997-06-13
603,Barbara,Clark,Female,Divorced,jill08@cox.info,India,2018-06-11,1991-03-25
604,Michael,Thompson,Female,Married,devonrogers@wilson.org,Germany,2010-05-12,1991-09-06
605,Karen,Hodges,Female,Single,rachael86@yahoo.com,USA,2018-12-07,1997-05-18
606,Nathan,Chavez,Male,Married,rmckinney@lam.com,India,1975-07-22,1953-04-03
607,Christopher,Myers,Female,Widowed,susan11@hill.com,UK,2011-07-06,1962-05-14
608,Nancy,Meyer,Male,Divorced,robert82@reed-wallace.com,Mexico,2006-06-07,1983-04-29
609,Bryan,Wiggins,Female,Married,robert55@watkins-terry.net,Brazil,2000-03-28,1969-05-21
610,Kevin,Anderson,Female,Divorced,kristinaperez@yahoo.com,Japan,2013-06-01,1979-11-06
611,Eddie,Mitchell,Female,Divorced,jennifermitchell@franco.com,Australia,1990-05-13,1969-02-26
612,Daryl,Chaney,Male,Divorced,lgreen@hart.com,India,1994-09-13,1960-07-10
613,Nathan,Fernandez,Male,Widowed,david06@mack-gould.com,Mexico,2001-01-01,1972-12-12
614,Tara,Payne,Female,Single,thomas49@hotmail.com,Mexico,1978-06-12,1960-03-02
615,Jessica,Nielsen,Female,Divorced,dennisrachel@gmail.com,Mexico,2016-01-03,1959-07-23
616,Darryl,Johnson,Male,Single,uhoward@franklin.org,Mexico,2023-01-17,1995-09-08
617,Kimberly,Wang,Female,Married,millermelissa@powers.com,Japan,2010-12-01,1985-05-16
618,Carrie,Hunt,Female,Married,raymond65@watson-mitchell.com,Germany,2011-09-21,1982-12-04
619,Nancy,Miller,Male,Single,slara@gmail.com,Germany,2018-10-27,1970-07-07
620,Tara,Coleman,Male,Widowed,maryharper@gmail.com,India,2025-06-16,2004-05-17
621,Thomas,Dillon,Female,Married,fitzpatrickbrittany@yahoo.com,Brazil,2002-04-23,1963-09-09
622,Robert,Rocha,Male,Widowed,angelapage@gmail.com,Japan,1974-01-02,1955-07-27
623,Marisa,Roberts,Female,Single,carsonkevin@hotmail.com,UK,1993-10-02,1963-02-09
624,Anita,Ford,Male,Divorced,moorekevin@flowers.com,Australia,2021-11-02,1970-03-25
625,Travis,Watts,Female,Divorced,wilsonjoshua@george.org,UK,2002-01-10,1977-12-08
626,Ryan,Scott,Female,Divorced,brooksjessica@gmail.com,Japan,2019-06-23,1982-03-31
627,Francisco,Brown,Female,Divorced,ijohns@yahoo.com,Mexico,2025-03-12,2007-01-26
628,Joseph,Barnes,Female,Married,robertsalyssa@gmail.com,Germany,1982-04-01,1960-08-30
629,Katie,White,Female,Divorced,amybrennan@marsh.com,Germany,2009-02-05,1984-07-08
630,Betty,Morrow,Female,Divorced,aprilwatson@jenkins-mccall.com,Germany,2010-06-04,1956-01-26
631,Eric,Walker,Female,Divorced,butlersabrina@fuentes.info,Australia,1989-05-01,1956-07-08
632,Hannah,Taylor,Female,Divorced,gerald40@hotmail.com,France,2012-06-07,1973-03-30
633,Jeffrey,Vincent,Male,Widowed,kyleclark@coleman.com,Brazil,2023-06-22,2004-12-24
634,Todd,Reynolds,Female,Married,johnsondonna@brown.com,France,2021-07-14,1950-10-30
635,Karen,Patton,Male,Divorced,jackbell@thomas.com,Canada,1988-10-05,1970-01-28
636,Michael,Wyatt,Female,Widowed,garciabelinda@rice.com,France,2018-10-27,1988-12-31
637,Rachel,Medina,Female,Married,samanthayork@richardson-lawrence.info,Germany,1998-05-28,1968-09-23
638,Henry,Kelly,Female,Divorced,olewis@yahoo.com,UK,2015-03-12,1995-05-20
639,David,Rodriguez,Male,Married,tfarmer@hawkins-williams.com,Germany,1996-08-07,1957-03-24
640,Paul,Bryant,Male,Married,aperez@yahoo.com,Germany,2005-01-26,1983-02-23
641,Melissa,Jacobson,Male,Single,harry71@yahoo.com,Brazil,2003-01-31,1978-09-03
642,Donna,Miller,Female,Widowed,lmorales@figueroa.com,Canada,2015-02-16,1979-05-11
643,James,Gonzalez,Male,Single,hallroger@yahoo.com,Japan,2025-06-20,1974-04-20
644,Katelyn,Owen,Male,Widowed,thomas96@yahoo.com,Australia,2005-01-23,1968-07-02
645,Dylan,Gibson,Female,Married,tracy32@garcia.com,France,2011-10-29,1984-05-08
646,Anthony,White,Female,Divorced,kevinhanson@gmail.com,USA,2024-07-04,1983-06-13
647,April,Vasquez,Male,Married,kellyjimenez@hotmail.com,Japan,2025-04-23,1994-07-15
648,Matthew,Heath,Male,Married,ewingnicole@reyes.biz,Brazil,2022-04-03,1967-05-10
649,Barry,Thompson,Male,Single,travistaylor@hotmail.com,Brazil,2013-04-16,1979-08-31
650,Kathryn,Carroll,Female,Married,kalvarez@hotmail.com,France,2010-08-06,1976-01-10
651,Jose,Garza,Male,Single,katie45@gmail.com,France,1997-12-17,1953-05-05
652,Brandon,Hood,Male,Divorced,hubbardcolleen@yahoo.com,France,2009-08-19,1951-06-19
653,Michael,Howard,Female,Widowed,stanleyjohn@hotmail.com,UK,2003-04-18,1956-03-04
654,Renee,Jones,Female,Divorced,morganandrew@yahoo.com,Germany,1994-07-22,1970-10-15
655,Diane,Henderson,Male,Divorced,andrew79@gmail.com,UK,2001-06-11,1952-02-04
656,Ashley,Morris,Female,Divorced,rgarcia@rogers.com,UK,2014-10-12,1971-02-02
657,Kevin,Montes,Male,Divorced,yreid@pittman.com,France,2020-09-17,1960-11-20
658,Brandon,Davies,Male,Married,claudiarubio@hotmail.com,Mexico,2005-02-18,1969-02-07
659,Brittany,Nelson,Female,Widowed,yclark@gmail.com,Japan,2025-01-30,2006-12-30
660,William,Evans,Female,Single,robertking@hotmail.com,Brazil,2017-01-03,1993-11-20
661,Kathryn,White,Male,Married,barbaralewis@hurley.org,UK,2021-03-24,1980-05-23
662,Sarah,Barber,Female,Divorced,michaelhernandez@francis.biz,Germany,2023-07-25,2001-11-20
663,Michelle,Pruitt,Male,Divorced,sadams@martin.com,Brazil,2006-04-19,1977-06-20
664,James,Sanchez,Male,Widowed,bwashington@yahoo.com,France,1985-06-20,1957-04-11
665,James,Nelson,Female,Divorced,kristine48@newman.info,Mexico,2012-03-09,1993-07-28
666,Brian,Mosley,Male,Divorced,michelle65@hotmail.com,India,2020-12-07,2002-10-12
667,Randy,Larsen,Male,Single,danielnavarro@boyd.net,Canada,2013-10-23,1994-04-15
668,Nicole,Young,Female,Divorced,mark96@manning.com,UK,2018-06-15,1966-09-07
669,Tara,Gonzales,Female,Divorced,henrynicholas@gmail.com,Canada,1994-01-09,1961-06-20
670,Thomas,Sanchez,Female,Divorced,michaelbaldwin@yahoo.com,Mexico,2017-11-29,1971-02-01
671,Tammy,Obrien,Male,Married,johnnycruz@mullen.com,UK,2012-11-20,1950-12-25
672,Mia,Price,Female,Married,kevin34@gmail.com,Australia,2011-12-24,1985-12-13
673,Crystal,Suarez,Female,Widowed,hillchristopher@yahoo.com,Japan,2008-04-20,1960-06-14
674,Robert,Randall,Female,Married,hollowayholly@hotmail.com,Germany,2024-09-01,1981-08-10
675,Robert,Daniel,Male,Widowed,wneal@gmail.com,Japan,1995-12-30,1954-01-24
676,Isaiah,Ramos,Female,Single,moralescourtney@johnston-rodriguez.com,Mexico,2022-02-04,1993-03-12
677,Kathryn,Bradford,Male,Single,shannon24@gmail.com,Japan,2024-10-05,1984-09-08
678,Margaret,Marsh,Male,Married,perryhunter@duffy-wilkerson.com,UK,2024-05-28,1996-05-01
679,Sandra,Holland,Female,Widowed,mccannjames@christian.org,Canada,1970-07-05,1950-12-17
680,Christopher,Richardson,Male,Widowed,higginsryan@wilcox-snyder.com,Canada,1995-05-25,1967-04-03
681,James,Atkins,Female,Single,julie62@yahoo.com,Australia,2019-07-20,1998-02-08
682,Jason,Holloway,Male,Widowed,ywhite@johnson.com,Australia,2022-06-07,1963-08-11
683,Rebecca,Wood,Male,Widowed,smithdean@yahoo.com,France,2017-03-29,1991-08-01
684,Gloria,Reeves,Male,Widowed,charles80@gmail.com,France,2021-06-17,1996-09-16
685,Thomas,Gomez,Male,Married,kingchristine@madden-lambert.com,Mexico,2006-03-03,1972-03-14
686,Beverly,Green,Male,Single,natalie21@yahoo.com,Brazil,2007-01-05,1987-08-17
687,Ryan,Green,Female,Single,goodvictor@yahoo.com,Japan,2024-11-21,1997-11-18
688,Sara,Campbell,Male,Single,zachary62@yahoo.com,Australia,2021-06-29,2000-06-09
689,Kathryn,Hernandez,Male,Divorced,lopezbrian@gmail.com,Brazil,2021-11-09,1999-09-10
690,Jorge,Mccarthy,Male,Married,carneysara@gmail.com,Brazil,2001-12-23,1951-12-28
691,Vanessa,Hoffman,Female,Widowed,urodriguez@gmail.com,Australia,2009-09-17,1979-08-06
692,Clayton,Oneill,Female,Widowed,karencarson@macdonald.com,Canada,1999-09-28,1957-12-18
693,Henry,Knapp,Male,Divorced,vrhodes@mitchell.com,Canada,2022-10-02,1985-05-06
694,Brittany,Bean,Male,Widowed,anthonystevens@hotmail.com,Japan,2007-01-26,1976-05-16
695,Shawn,Moses,Male,Married,tara97@meza-cooke.org,USA,2020-07-30,1994-06-06
696,Michelle,Solis,Male,Divorced,lauren18@hotmail.com,Australia,1990-09-20,1958-05-08
697,Raymond,Thompson,Female,Widowed,smithjared@yahoo.com,Germany,1996-08-21,1975-07-03
698,Justin,Goodwin,Male,Widowed,evanslaurie@drake.com,India,2024-01-02,2002-08-05
699,Cody,Richardson,Male,Divorced,ygriffin@adams-burke.com,Germany,2014-08-12,1973-12-25
700,Lisa,Austin,Male,Single,gdavis@yahoo.com,Brazil,2022-08-10,2001-01-10
701,Jeffrey,Parks,Male,Married,prose@miller.info,Germany,2022-02-03,1981-02-02
702,Tracey,Sutton,Male,Single,alexandraphillips@gmail.com,Mexico,1998-02-02,1969-12-28
703,Samantha,Palmer,Male,Widowed,qdavis@hotmail.com,Mexico,2007-08-21,1987-01-17
704,Michael,Richards,Male,Married,yangsteven@cameron.com,USA,2014-11-03,1988-03-26
705,Kenneth,Matthews,Female,Widowed,qhanson@yahoo.com,Germany,2019-10-29,1977-11-15
706,Jason,Miller,Male,Single,hamiltonandrew@yahoo.com,UK,2023-06-14,2004-09-01
707,George,Woods,Female,Married,nturner@yahoo.com,Mexico,1976-05-19,1957-06-28
708,Linda,Miller,Female,Divorced,leelisa@waller.com,Germany,2021-04-03,1996-07-19
709,Ryan,Garrett,Female,Married,turnersteven@henderson-wilson.com,Japan,2015-11-12,1993-10-06
710,Sean,Washington,Male,Widowed,mrichards@hudson-bass.com,France,2023-10-14,1999-10-28
711,Curtis,Abbott,Female,Single,vallison@hotmail.com,Japan,1990-10-15,1972-04-07
712,Benjamin,Ross,Male,Widowed,jenniferrice@yahoo.com,Japan,2017-12-22,1990-02-04
713,Angela,Adams,Female,Single,nwilson@hotmail.com,India,2017-07-04,1988-10-09
714,Heidi,Smith,Female,Divorced,taylorkim@hotmail.com,Brazil,2021-08-22,1973-02-22
715,Regina,Morgan,Female,Married,nicolesharp@yahoo.com,France,2022-06-23,1964-07-01
716,Shelly,Delgado,Female,Married,kmarsh@hotmail.com,Japan,2024-04-01,1977-12-01
717,Hannah,Miller,Female,Married,glenmoore@yahoo.com,Germany,2000-11-09,1963-08-26
718,Sherry,Snyder,Female,Married,angelakidd@ibarra-kelly.com,Australia,2002-09-16,1956-05-31
719,Anthony,Brown,Male,Widowed,williamsondavid@gmail.com,Brazil,2013-09-08,1961-06-09
720,Victoria,Glover,Male,Widowed,paula89@garcia.info,Germany,2009-05-28,1982-08-24
721,Theresa,Harrington,Female,Married,romerogary@pitts.com,India,2024-12-04,2006-10-27
722,Jean,Gill,Male,Widowed,mooremichael@gmail.com,India,2019-08-02,1999-02-11
723,Scott,Perry,Male,Married,marywells@wagner-miller.com,USA,1989-08-23,1957-12-01
724,Michael,Ortega,Female,Widowed,icobb@gutierrez-ortiz.info,Mexico,2023-04-07,1998-03-21
725,Sherry,Ramos,Male,Single,millerleroy@hamilton.com,Germany,2014-12-20,1984-09-03
726,Edward,Andrews,Male,Widowed,rmorales@hotmail.com,Germany,2023-05-16,1994-06-22
727,Jennifer,Edwards,Female,Divorced,wilcoxrachel@hotmail.com,USA,2015-07-25,1987-03-23
728,Richard,Schneider,Male,Married,pam63@yahoo.com,Canada,2025-03-08,1959-07-18
729,Amanda,Price,Female,Married,jason88@boyd-sherman.com,Mexico,1975-10-14,1955-04-14
730,Pamela,Fernandez,Male,Widowed,marilyntorres@yahoo.com,Germany,1971-01-11,1951-02-22
731,Jessica,Skinner,Female,Divorced,david17@yahoo.com,Brazil,2005-09-04,1983-12-07
732,Shawn,Bird,Female,Divorced,kevin92@gray.net,France,2006-08-31,1988-07-02
733,Mackenzie,Ward,Female,Divorced,jenniferpoole@davis.com,Japan,2013-09-18,1989-03-06
734,Sean,Wood,Female,Widowed,lwiggins@yahoo.com,Canada,2007-04-03,1981-12-16
735,Wendy,Barker,Female,Divorced,jcolon@hotmail.com,Germany,2018-01-19,1992-11-10
736,Jennifer,Anderson,Female,Divorced,stanleyjohnson@raymond.com,Brazil,2009-03-04,1958-03-14
737,Daniel,Wood,Male,Married,millsdavid@yahoo.com,UK,2022-05-18,1990-06-27
738,Kelly,Johnson,Male,Divorced,kristenfisher@small-lewis.info,Japan,2003-05-03,1975-01-12
739,Amy,Jones,Female,Divorced,tolson@chavez.org,UK,1976-01-01,1949-09-09
740,William,Murray,Male,Divorced,uhernandez@yahoo.com,Germany,1985-12-31,1958-08-03
741,Elizabeth,Ortiz,Female,Married,cmorgan@wu.com,Australia,2016-02-16,1955-08-17
742,Ashley,Hogan,Female,Divorced,schneiderchristopher@hotmail.com,Australia,2016-01-31,1997-09-03
743,Katherine,Bernard,Female,Widowed,bshaw@barrett.com,UK,2024-01-13,1986-06-03
744,Kristin,Sanchez,Female,Married,romancatherine@yahoo.com,UK,1987-07-16,1950-11-03
745,Travis,Peck,Female,Married,bwhite@hotmail.com,Japan,2009-02-21,1989-08-16
746,Jonathan,Wilson,Male,Single,justinwhite@moore.com,Canada,2015-02-16,1971-02-23
747,Susan,White,Male,Single,peter52@orozco-scott.com,Brazil,2013-05-11,1953-07-23
748,John,Harper,Male,Married,gromero@avery-adams.com,Canada,1984-11-06,1953-01-29
749,Richard,Washington,Male,Single,robinsmith@hotmail.com,Germany,2017-12-26,1981-03-07
750,John,Peters,Female,Divorced,ashley71@mason.net,USA,2010-11-17,1989-06-09
751,Amanda,Henderson,Female,Widowed,smithsteven@hotmail.com,USA,1995-08-31,1960-12-29
752,Aaron,Mahoney,Male,Widowed,carla65@hotmail.com,USA,1998-08-11,1969-03-26
753,Mary,Campbell,Male,Divorced,turnerrandall@rivas.net,Japan,2021-11-01,1964-01-11
754,Jason,Wagner,Female,Single,cynthia74@gmail.com,Japan,2015-12-12,1968-07-25
755,Matthew,Stevens,Female,Married,sloandennis@gmail.com,Canada,2018-01-27,1994-08-13
756,Adam,Smith,Male,Married,speters@burns.com,Germany,2017-01-26,1990-12-23
757,Patricia,Cabrera,Male,Divorced,gomezlisa@hotmail.com,India,2005-03-30,1986-03-16
758,Gregory,Tate,Female,Widowed,fordsharon@smith-paul.com,Canada,2005-01-20,1973-11-28
759,James,Velasquez,Female,Widowed,jimsnyder@yahoo.com,Australia,2019-12-08,1995-11-11
760,Trevor,Padilla,Male,Married,gonzalezlori@rodriguez-ramirez.net,France,1989-02-22,1952-01-20
761,Andrea,Keller,Male,Single,chapmanjulie@green.com,Canada,2006-12-14,1983-03-02
762,James,Gregory,Female,Widowed,bsmith@hotmail.com,Brazil,2012-06-19,1985-02-22
763,Brett,Mcmillan,Female,Single,rhill@hotmail.com,USA,2024-05-25,1995-05-09
764,Michael,Blake,Male,Single,ramirezrobert@stewart-myers.com,Australia,2016-02-24,1981-04-20
765,Lindsey,Mooney,Female,Divorced,prosario@martin.com,Mexico,2012-01-06,1955-02-12
766,Colin,Castillo,Male,Single,mary31@allen-peterson.com,Germany,2020-10-09,1992-02-24
767,April,Young,Male,Widowed,oduran@riley-miller.com,France,2024-02-27,2005-06-17
768,Lawrence,Abbott,Male,Single,bryanlang@turner.biz,France,1995-06-27,1951-10-26
769,Erica,Hansen,Male,Married,nmorales@yahoo.com,India,1978-12-10,1954-01-10
770,Kristin,Hanson,Male,Married,bmarshall@hotmail.com,Mexico,2024-03-14,1965-05-31
771,Matthew,Pace,Male,Widowed,lholmes@rodriguez.org,Canada,2011-05-26,1991-09-09
772,Brittany,Randall,Female,Married,michael79@lopez-taylor.com,Mexico,2017-03-23,1998-02-02
773,Larry,Graham,Male,Widowed,brandy82@gmail.com,Japan,1980-05-04,1953-08-31
774,Carrie,Carter,Female,Widowed,brianhunter@trevino.com,UK,2009-12-28,1981-07-02
775,Kristen,Peterson,Male,Divorced,vgreene@hotmail.com,USA,2014-07-20,1993-02-20
776,Christina,Barnes,Male,Widowed,gibsonkristina@crawford.com,Germany,2017-06-24,1988-01-27
777,Steven,Lewis,Male,Divorced,lindsay63@yahoo.com,Mexico,2018-08-17,1996-09-21
778,Michael,Jones,Female,Divorced,thomasscott@willis.com,USA,1980-07-13,1962-02-01
779,Justin,Robinson,Female,Widowed,matthewspencer@gmail.com,Australia,1994-07-19,1963-02-06
780,Gregory,Green,Male,Divorced,deckerderrick@cobb.com,Japan,1982-05-03,1962-11-20
781,Mike,Watson,Female,Widowed,ejohns@thomas.com,UK,2006-10-02,1980-08-05
782,Nicholas,Brooks,Female,Single,samanthahines@hotmail.com,Mexico,2016-10-26,1962-08-05
783,Kelly,Hernandez,Female,Married,sotojoshua@york.info,Canada,2016-11-04,1962-06-02
784,Kristen,Gibbs,Male,Divorced,williampotter@potter.com,UK,1987-04-25,1963-10-15
785,Alicia,Webb,Female,Married,zadams@hotmail.com,Brazil,2014-11-16,1971-06-13
786,Debra,Clark,Female,Divorced,zroy@torres.org,Canada,2023-10-28,2003-05-09
787,Jonathan,Miller,Male,Single,sean53@williams.info,France,2003-09-10,1960-03-31
788,Robert,Ballard,Female,Divorced,patrick27@gmail.com,France,2014-01-25,1981-05-14
789,Michael,Miller,Male,Married,sara11@ward.com,Canada,1990-10-11,1967-08-17
790,Emily,Wright,Male,Widowed,janicebolton@hotmail.com,Australia,2003-08-18,1972-04-05
791,Rita,Smith,Female,Single,lynn66@hotmail.com,USA,2022-07-02,1999-11-23
792,Alexander,Valdez,Male,Divorced,uperez@clark.net,Japan,2024-09-04,2001-02-12
793,Jennifer,Murray,Male,Divorced,megan66@gonzales.com,Brazil,2023-01-29,2001-02-07
794,Barbara,Anderson,Male,Divorced,wcochran@perez-simmons.biz,Brazil,1997-10-05,1975-01-18
795,Amanda,Nguyen,Female,Single,weekseric@carroll-lloyd.org,Japan,2025-04-27,2001-06-17
796,Tina,Harris,Male,Married,fergusonjacob@gmail.com,Brazil,2019-11-20,1988-08-07
797,Danielle,Torres,Male,Married,leonardgregory@morrison.biz,France,2020-08-21,1971-12-05
798,Jesse,Keller,Female,Divorced,hbrown@jackson.biz,Australia,2000-11-10,1968-11-11
799,David,Barnes,Male,Single,nfriedman@harrell.biz,UK,1985-10-04,1960-03-27
800,Erik,Andrews,Female,Divorced,waynecohen@yahoo.com,Brazil,2025-03-18,2005-03-16
801,Vickie,Griffin,Female,Widowed,aliciakent@yahoo.com,Canada,1981-10-08,1963-04-11
802,Barbara,Mclaughlin,Female,Divorced,treed@yahoo.com,Germany,2014-08-06,1980-11-12
803,Madeline,Horn,Female,Married,haydenwilliamson@yahoo.com,Australia,2015-01-03,1976-02-29
804,Renee,White,Male,Married,chale@mcclure.com,France,2011-10-12,1980-09-14
805,Kelly,Hendricks,Male,Widowed,wjenkins@martinez.net,India,2019-06-05,1992-04-16
806,Robert,Martin,Female,Divorced,murraycharles@lowe.biz,Australia,2022-06-21,2001-09-17
807,Benjamin,King,Female,Widowed,ellen77@jones-kelley.com,Mexico,2007-10-04,1962-10-11
808,Donald,Hoover,Male,Divorced,marylawson@phillips.biz,India,2023-07-17,1998-02-09
809,Emily,Smith,Male,Widowed,scottthompson@hotmail.com,India,1984-04-11,1961-01-04
810,Amanda,Ramos,Male,Widowed,myerskyle@george.biz,India,2015-10-26,1951-11-23
811,Sarah,Brooks,Female,Widowed,christopherfisher@rogers.com,Mexico,2021-06-14,2001-10-01
812,Laura,Rivas,Male,Divorced,bradleyhunt@morris-sims.org,Brazil,1989-02-13,1964-07-23
813,Randall,Patterson,Female,Widowed,danielmorris@morales.com,India,2018-06-29,1963-08-23
814,Stephen,Jones,Male,Married,bradley36@yahoo.com,Mexico,2001-04-05,1976-01-13
815,Victor,Mooney,Male,Single,susan95@horton.com,Australia,2024-11-10,2001-10-12
816,Cynthia,Henson,Male,Widowed,bjones@hotmail.com,France,2002-01-23,1972-02-23
817,Patrick,Davidson,Male,Widowed,hallchristina@parker.biz,Australia,2022-08-15,1989-05-12
818,Christine,Brown,Male,Divorced,jphillips@yahoo.com,Germany,2021-02-19,2001-01-29
819,Benjamin,Mclean,Female,Married,dennis50@hotmail.com,Brazil,2025-02-18,1963-06-17
820,Deborah,Roberts,Female,Single,melanierivera@harris.com,Australia,2023-03-07,2003-06-06
821,Heather,Walker,Female,Widowed,isaiah01@yahoo.com,Japan,2024-12-30,2004-02-02
822,Brett,Braun,Female,Single,christopherwatkins@young.biz,India,1985-05-24,1954-04-24
823,Larry,Griffith,Male,Single,pthompson@mitchell-west.com,Germany,2024-10-25,1998-11-19
824,Christopher,Kaufman,Female,Married,cjackson@yahoo.com,Mexico,2018-10-12,1968-01-19
825,Jessica,Wolf,Male,Widowed,gillronald@gmail.com,India,2022-08-28,1983-12-08
826,Brooke,Hernandez,Female,Single,oscar47@brooks-obrien.com,USA,2021-09-23,2001-03-10
827,Jennifer,Gonzalez,Male,Divorced,smithvincent@brooks.biz,Germany,1999-07-06,1972-03-23
828,Patrick,Parker,Male,Widowed,hdyer@frederick-martin.biz,India,2021-03-20,2000-01-21
829,William,Burns,Female,Widowed,curtissara@hotmail.com,Mexico,2008-08-16,1966-12-02
830,Tim,Dorsey,Male,Divorced,terrydeanna@yahoo.com,USA,2000-10-27,1966-05-06
831,Sheryl,Hernandez,Female,Single,alexanderwise@dawson.com,France,2016-06-26,1990-10-01
832,Nancy,Martin,Female,Single,heather88@hotmail.com,Canada,2009-03-31,1984-11-01
833,Kyle,Jenkins,Male,Divorced,fieldskimberly@olsen-adams.com,France,2013-07-11,1975-08-07
834,Holly,Smith,Female,Widowed,esmith@butler.biz,Germany,2021-11-03,2000-06-20
835,Nicholas,Padilla,Female,Divorced,hwhite@bradley-lewis.com,Australia,1991-02-25,1961-02-28
836,Ian,Malone,Male,Widowed,nalexander@gmail.com,Australia,2022-08-01,1953-07-25
837,Christopher,Miller,Female,Single,caleb09@woods.com,France,2013-09-02,1992-11-09
838,Joseph,Moses,Male,Single,clarklatoya@morrison-hatfield.com,USA,1972-05-03,1950-03-13
839,Katherine,Munoz,Female,Single,evelyn55@gmail.com,UK,2016-09-14,1982-08-13
840,Raymond,Bishop,Male,Married,linda07@hotmail.com,Japan,2014-09-29,1974-02-16
841,Mary,Buckley,Male,Divorced,meltonjoshua@walton.info,Japan,2019-07-22,1976-11-22
842,Donna,Smith,Female,Widowed,schultzmorgan@hotmail.com,Germany,2016-08-19,1984-08-03
843,Jesus,Washington,Female,Married,ronnie71@cruz.net,UK,2019-12-03,1971-09-13
844,Anthony,Jimenez,Female,Widowed,marisa87@mosley.info,USA,2023-08-16,1988-06-19
845,John,Lewis,Male,Widowed,grahamjennifer@hickman.biz,Mexico,2021-10-29,1994-08-23
846,Jeffrey,Scott,Female,Widowed,wadesandra@hotmail.com,USA,2022-01-25,2001-09-11
847,Christopher,Holt,Male,Married,schneidernicholas@paul.net,France,2025-04-08,1998-11-30
848,Jesus,Green,Male,Single,rodriguezmatthew@hotmail.com,Japan,2024-10-11,1979-04-14
849,Ashley,Anderson,Male,Divorced,aray@yahoo.com,India,1988-03-28,1962-05-09
850,Amanda,Boone,Male,Widowed,kelsey28@hotmail.com,Canada,2011-11-26,1953-10-05
851,Daniel,Smith,Female,Widowed,duane43@yahoo.com,Japan,2016-01-13,1990-06-28
852,Dylan,Campbell,Female,Widowed,kyle14@berry.com,Mexico,2021-07-25,1995-10-28
853,Brian,Patrick,Female,Single,melaniemichael@graves.com,India,2021-11-10,1997-06-19
854,Philip,Joyce,Female,Widowed,kelleymatthew@kennedy.com,Mexico,2025-06-16,1982-09-21
855,Justin,Leblanc,Male,Divorced,andersonkaren@hotmail.com,Mexico,2013-01-31,1985-06-20
856,Melissa,Mckinney,Male,Married,barbararamos@yahoo.com,India,2022-07-21,2004-05-02
857,Jason,Brock,Male,Married,coxmelissa@gregory.biz,France,1997-03-13,1969-05-10
858,Meagan,Howe,Male,Married,terri20@baird.com,India,2019-09-19,1978-08-12
859,Tara,Sims,Male,Widowed,austinallen@yahoo.com,Brazil,2022-09-04,1989-12-05
860,Denise,Bennett,Male,Widowed,phancock@hill-delgado.com,Brazil,1999-11-15,1970-02-23
861,Darryl,Martinez,Male,Widowed,matthewsvanessa@hill-mcgee.org,Japan,1976-06-28,1950-05-04
862,Todd,Newman,Male,Married,ashley15@gmail.com,Australia,2005-12-27,1961-11-15
863,Jackson,Hess,Female,Married,ihawkins@freeman.com,UK,2025-04-01,1998-02-13
864,Jared,Barrett,Female,Widowed,michelleneal@peters.com,Mexico,2025-03-20,2000-10-28
865,Bailey,Delgado,Male,Divorced,melissa01@hunter.net,USA,1978-12-18,1952-03-18
866,Tiffany,Barrett,Female,Married,brandon84@ferguson.com,Germany,2008-01-01,1961-03-24
867,Catherine,Dixon,Female,Widowed,youngjacob@chase-lewis.com,Brazil,2015-01-30,1985-02-11
868,Brittany,Ramirez,Female,Widowed,piercejorge@hotmail.com,Australia,2015-11-11,1990-07-11
869,Stephen,Duffy,Female,Married,amandajones@hotmail.com,Canada,2005-11-15,1960-08-30
870,Jennifer,Elliott,Male,Married,uunderwood@gray-maynard.com,France,1998-12-22,1967-11-18
871,David,Rodriguez,Male,Divorced,murphychristopher@yahoo.com,Germany,1991-03-11,1954-10-28
872,Dustin,Yates,Female,Married,garciatiffany@gmail.com,Australia,2022-10-22,2002-07-01
873,Kirsten,Martinez,Female,Single,wdavis@hotmail.com,Mexico,1996-11-14,1975-04-25
874,Andrea,Lawson,Male,Divorced,louiswalton@reed.net,Japan,2016-01-25,1988-06-26
875,Nicole,Powell,Female,Single,albert82@martinez.com,Australia,2025-04-22,1987-02-02
876,Jasmine,Wright,Male,Widowed,wwhite@yahoo.com,Canada,2023-03-14,1998-11-30
877,Joshua,Patterson,Male,Divorced,cynthia14@townsend-bruce.com,USA,2011-06-21,1983-09-22
878,John,Davis,Female,Divorced,paulangela@stokes-smith.biz,India,2022-06-06,1954-10-08
879,Sarah,Taylor,Male,Widowed,sullivanchristina@hotmail.com,Canada,2022-04-05,1995-08-15
880,Ronald,Ferguson,Male,Married,virginiaguerrero@hotmail.com,Mexico,2016-08-18,1950-01-17
881,Bobby,West,Female,Widowed,gregoryrichardson@palmer.biz,UK,2024-06-13,1996-02-06
882,George,Booker,Male,Married,marierosales@gmail.com,Germany,2014-02-25,1983-04-08
883,Timothy,Baker,Male,Divorced,trobinson@robertson.org,Japan,2007-08-20,1969-04-15
884,Brian,Smith,Female,Married,kenneth10@yahoo.com,India,2025-07-10,2007-04-12
885,Richard,Smith,Female,Divorced,hgonzalez@hotmail.com,Mexico,2019-11-12,1998-09-17
886,David,Freeman,Female,Single,jeremy65@diaz-mcclain.net,UK,2005-12-11,1960-01-04
887,Daniel,Gonzales,Female,Single,donaldburgess@gmail.com,France,2023-11-28,2004-10-10
888,Monica,Gonzalez,Male,Married,billy66@rivera.info,Germany,2022-01-16,1973-12-29
889,David,Burns,Male,Divorced,markduran@yahoo.com,Germany,2017-04-29,1994-10-26
890,David,Rosario,Female,Widowed,ericporter@young.org,UK,2014-12-01,1983-09-13
891,Ryan,Roberts,Female,Widowed,hodgesjohn@gmail.com,Brazil,2017-10-13,1999-09-24
892,Jacob,Campbell,Female,Single,virginia36@wells.net,Canada,2021-07-05,1999-03-05
893,Jacob,Bond,Female,Divorced,davidmorales@mooney-hickman.biz,India,2012-03-14,1991-02-18
894,James,Lin,Female,Widowed,swarren@hotmail.com,India,2010-09-08,1950-10-01
895,Matthew,Mendoza,Male,Single,torresjoseph@yahoo.com,Australia,1998-05-18,1965-04-19
896,John,Jacobson,Female,Single,smithdonna@lewis-kennedy.org,Japan,2019-11-15,1973-06-08
897,Jack,Vaughan,Female,Married,kevin10@hotmail.com,Brazil,2003-09-19,1956-05-28
898,Mark,Figueroa,Male,Widowed,john43@hotmail.com,France,2009-07-08,1987-02-05
899,Paige,Anderson,Female,Divorced,willisrhonda@roth.com,India,1996-08-21,1975-09-07
900,Christine,Turner,Male,Widowed,amandahernandez@gmail.com,India,2009-10-29,1954-08-24
901,Andrea,King,Male,Single,shane16@gmail.com,Canada,2009-01-14,1962-08-05
902,Alexandra,Farley,Female,Single,carolhorton@roberts.com,Canada,2014-08-25,1982-05-28
903,James,Olsen,Male,Widowed,martinkaren@yahoo.com,Australia,2024-07-17,2003-08-10
904,Richard,Nelson,Male,Widowed,moorejeffery@smith.net,Germany,2019-02-02,1987-10-29
905,Jonathan,Phelps,Male,Divorced,andrea23@gmail.com,UK,2024-08-18,1997-09-17
906,Kelly,Bowman,Female,Single,josephgibbs@hotmail.com,India,2011-12-13,1985-11-09
907,Amanda,Smith,Female,Single,mark84@hotmail.com,India,1998-10-08,1966-06-30
908,Rachel,Phillips,Male,Single,hollowayjeffrey@thompson-bonilla.net,Brazil,2004-05-31,1958-08-22
909,Sheila,Aguilar,Female,Married,molly98@gmail.com,Brazil,2025-07-03,1994-04-12
910,Jeffrey,Adams,Male,Single,seanblair@yahoo.com,USA,2024-12-31,2005-02-18
911,Rachel,Davis,Male,Widowed,llopez@hudson.com,Canada,1997-09-01,1974-08-20
912,Andrew,Martin,Male,Married,mmcdaniel@thomas.com,Japan,2016-05-26,1993-08-13
913,Tara,Garcia,Female,Single,morrisonnicholas@rodriguez.com,USA,2020-06-13,1980-07-06
914,Kayla,Adams,Female,Single,rosariodaniel@meyers.com,Brazil,1993-06-06,1958-07-18
915,Patricia,Ochoa,Male,Widowed,timothy30@hotmail.com,Canada,2019-05-19,1982-03-30
916,Courtney,Martinez,Male,Widowed,stephenscurtis@thomas-barr.com,Canada,2019-03-06,1996-08-22
917,Paul,Gomez,Male,Single,sandracohen@hotmail.com,India,2012-01-11,1964-12-22
918,Travis,Ewing,Female,Divorced,huberjuan@gilbert.com,UK,2018-02-03,1998-03-12
919,Cassandra,Thompson,Female,Married,erinhernandez@hotmail.com,UK,1976-04-03,1955-04-27
920,Colleen,Mitchell,Male,Single,sabrina54@lindsey.com,Mexico,2019-06-05,1996-04-23
921,Luke,Myers,Male,Widowed,wilsonronald@hotmail.com,India,2021-09-16,2002-06-23
922,Christopher,Cooley,Male,Married,fgomez@olson-dudley.org,Brazil,1996-04-30,1968-07-01
923,Mathew,Pham,Female,Married,fbarnes@ferguson.biz,Canada,2024-03-28,2003-07-19
924,Jennifer,Rose,Male,Married,youngaaron@cox.com,Canada,2012-10-04,1955-03-29
925,Rhonda,Ward,Female,Divorced,steven86@clark.com,Brazil,1979-01-31,1957-01-16
926,David,Dominguez,Female,Married,squinn@watson-miles.org,Germany,2019-07-17,2000-05-19
927,Mary,Harrell,Female,Single,michaelmiller@smith.com,Germany,2005-01-01,1954-07-27
928,Terry,Taylor,Female,Single,vjenkins@yahoo.com,France,2021-03-04,2001-08-20
929,Justin,Moore,Male,Married,wesleysmith@frazier-liu.net,Brazil,2020-10-27,2002-09-21
930,Samantha,Shaw,Female,Single,rhuynh@boyd.com,Germany,2020-05-03,1997-12-17
931,Brian,Long,Female,Widowed,pwoods@sullivan.com,Canada,2015-11-06,1976-10-18
932,James,Rodriguez,Male,Widowed,carrie50@campbell.com,Mexico,2018-10-04,1993-07-21
933,Carla,Avila,Male,Single,andrealittle@gmail.com,India,1986-05-27,1953-12-29
934,Christopher,Hudson,Female,Married,uwilliams@harding.com,Brazil,2002-03-17,1965-11-26
935,Susan,Porter,Female,Divorced,iswanson@hotmail.com,Japan,2021-02-02,2000-09-13
936,Mark,Mosley,Male,Widowed,andrewflynn@willis-christian.com,Canada,2015-02-08,1995-06-18
937,Faith,Miller,Male,Single,nicoleaguirre@thomas.net,USA,1988-10-26,1960-07-09
938,Denise,Conrad,Female,Married,vfloyd@yahoo.com,USA,2023-05-20,1984-09-06
939,Melissa,Jordan,Male,Widowed,jasonbishop@gmail.com,Japan,2013-04-08,1974-01-25
940,Courtney,Jimenez,Female,Widowed,katiecollins@porter.com,Brazil,2016-06-25,1959-12-02
941,Evan,Ramirez,Female,Single,christopher27@yahoo.com,Japan,1999-03-15,1961-02-05
942,Kathryn,Ramos,Male,Divorced,bonillatracy@trevino-morales.org,Canada,2008-06-13,1981-10-02
943,Scott,Hunt,Female,Single,christopher68@yahoo.com,Japan,2016-01-17,1995-11-12
944,Christine,Schneider,Male,Married,mooredaniel@moore-ross.com,Japan,1988-04-28,1967-06-08
945,Morgan,Caldwell,Female,Widowed,imcdonald@yahoo.com,Mexico,2009-02-17,1964-09-22
946,Henry,Rodriguez,Male,Divorced,vgonzalez@gmail.com,Brazil,1980-10-20,1956-12-22
947,Wendy,Tucker,Male,Single,ramirezbenjamin@gmail.com,Germany,2012-06-05,1971-02-21
948,Danielle,Flores,Male,Widowed,zbrown@clarke-irwin.com,Canada,2004-06-20,1981-07-13
949,Miranda,Cisneros,Female,Single,johnny21@gmail.com,France,1985-08-10,1953-03-25
950,Richard,Evans,Male,Single,qwarren@yahoo.com,USA,1990-11-20,1954-04-06
951,Christopher,Valenzuela,Male,Single,franklin56@yahoo.com,UK,1983-09-20,1962-01-28
952,Haley,Martin,Female,Divorced,rita96@gmail.com,Japan,2018-02-11,1981-11-27
953,Christian,Contreras,Female,Married,elizabeth50@mosley.info,India,2012-06-17,1987-09-20
954,Laura,Craig,Male,Divorced,mcneilsherry@gmail.com,Canada,1996-10-18,1971-01-30
955,Danielle,Lane,Male,Divorced,julielopez@payne.com,Brazil,2018-05-06,1992-09-17
956,Teresa,Ray,Female,Single,lisa04@shaw-parrish.info,France,1994-10-26,1963-10-28
957,Robert,Bell,Male,Widowed,daniel27@yahoo.com,Australia,2019-06-14,1993-09-15
958,Angela,Martin,Female,Single,qmitchell@hotmail.com,Australia,1998-12-11,1974-12-09
959,Cynthia,Park,Male,Divorced,shafferdale@smith.org,UK,2021-04-09,1995-11-04
960,Cynthia,Gordon,Female,Single,melissa33@arnold-wilson.info,Mexico,2007-12-31,1986-08-14
961,Tammy,Sloan,Male,Married,xsmith@gmail.com,Japan,1999-11-11,1958-01-06
962,Joseph,Hopkins,Male,Single,anunez@yahoo.com,USA,2011-09-22,1984-02-02
963,Anthony,Gibbs,Male,Single,george96@gmail.com,Australia,1970-10-26,1951-10-10
964,James,Newman,Female,Widowed,oanderson@madden-thompson.com,UK,2018-09-01,1987-05-14
965,Samuel,Garcia,Male,Single,welchkristen@rangel.com,Japan,2008-02-16,1984-09-30
966,Christopher,Kim,Female,Married,montgomeryamy@armstrong.com,India,1987-09-30,1963-06-01
967,Crystal,Howard,Male,Widowed,kennethnichols@barber.com,India,2019-12-30,1980-06-03
968,Joshua,Donovan,Female,Single,rodriguezsara@rodriguez.com,Mexico,2013-04-11,1994-05-30
969,Chris,Kirk,Female,Single,ygarcia@gutierrez.com,Japan,1986-02-20,1961-11-03
970,Nicholas,Edwards,Male,Married,hectorsmith@gmail.com,Germany,2010-06-02,1963-11-10
971,Crystal,Bond,Male,Widowed,victoria79@payne.com,Canada,2022-01-29,1994-06-10
972,Anthony,Johnson,Female,Divorced,michellewilson@johnson.com,France,2021-11-26,1962-09-03
973,Heather,Martinez,Female,Single,fgonzalez@yahoo.com,Japan,2022-09-26,1955-03-24
974,Denise,Owens,Female,Single,zhunt@gmail.com,India,2025-02-06,1997-09-25
975,James,Mathis,Male,Divorced,ygarcia@hotmail.com,Mexico,1996-04-28,1966-07-27
976,Laura,Mckay,Female,Married,bandrade@hotmail.com,Australia,2000-01-05,1970-10-02
977,Lisa,Dean,Female,Widowed,wgonzalez@yahoo.com,Germany,2020-09-07,2000-05-21
978,Caleb,Jackson,Male,Married,brenda49@clements.com,USA,2024-07-12,1992-08-08
979,Ruben,Lopez,Female,Single,lewisnathan@chan.com,Germany,2001-09-26,1961-10-16
980,Jennifer,Lewis,Female,Single,annacruz@hotmail.com,India,1989-12-15,1971-03-25
981,Jeff,Hoffman,Male,Widowed,bfleming@li-gonzalez.com,France,2017-11-08,1963-12-27
982,Victor,Mooney,Male,Married,martinezgeorge@yahoo.com,Japan,2024-04-05,2004-03-04
983,Joel,Smith,Male,Widowed,buckjustin@johnson-ferguson.net,Australia,2020-10-15,1989-10-11
984,Deanna,Jones,Male,Married,rcummings@molina-ross.net,France,1993-02-26,1952-03-18
985,Troy,Williams,Male,Single,psnyder@gmail.com,Germany,2022-11-29,2002-04-06
986,Sharon,Garcia,Female,Divorced,petersendominic@callahan-ramsey.com,Australia,2025-04-21,2006-12-02
987,James,Barrera,Male,Single,villamiranda@yahoo.com,Japan,1985-02-08,1961-02-17
988,Daniel,Valentine,Male,Widowed,mark96@hale-buckley.org,Canada,2021-04-25,2002-12-18
989,David,Atkins,Male,Widowed,hbarnett@hotmail.com,UK,2002-12-19,1980-11-24
990,Timothy,Henry,Male,Divorced,kendra73@gmail.com,France,2023-03-25,1965-12-01
991,Jennifer,Gomez,Female,Widowed,heatherjones@brown-smith.com,India,2005-08-24,1967-07-03
992,Jacob,Garcia,Female,Widowed,kathleen47@moore.com,France,2012-06-29,1981-05-28
993,Theresa,Parrish,Male,Single,rlopez@martin-parker.org,Germany,2005-05-26,1974-04-18
994,Dylan,Walter,Male,Single,allenmurray@johnson-stanley.info,UK,2013-05-24,1993-09-02
995,David,Pierce,Male,Married,zlewis@hotmail.com,Australia,2009-07-22,1973-07-01
996,Matthew,Alexander,Female,Divorced,williamspatrick@yahoo.com,Brazil,2014-02-19,1978-11-13
997,Jaime,Thompson,Male,Divorced,gstone@hotmail.com,Germany,2000-09-27,1962-09-30
998,John,Rodriguez,Female,Divorced,jacobsonbarbara@jones.com,Australia,2014-11-29,1952-12-10
999,Holly,Sullivan,Female,Single,robinsonmadison@hotmail.com,Canada,2025-02-24,1964-12-16
1000,Jamie,Floyd,Male,Divorced,janice40@gmail.com,Mexico,2019-06-27,1967-10-21
